xrun(64): 24.03-s011: (c) Copyright 1995-2025 Cadence Design Systems, Inc.
TOOL:	xrun(64)	24.03-s011: Started on May 06, 2026 at 17:09:33 +07
xrun
	code/output/synthesis_net.v
	tb/tb_risc_cpu.v
	+define+PROG=1
	-v /data/cc03group4/vlsi/Assignment/synthesis/Genus_BoundFlasher/LIB/YOUR_STDCELL_FILE.v
	-top tb_risc_cpu
	+delay_mode_zero
	+access+rwc
file: tb/tb_risc_cpu.v
xmvlog: *W,LIBNOF: Library file or directory "/data/cc03group4/vlsi/Assignment/synthesis/Genus_BoundFlasher/LIB/YOUR_STDCELL_FILE.v" does not exist.
	Total errors/warnings found outside modules and primitives:
		errors: 0, warnings: 1
		Caching library 'worklib' ....... Done
	Elaborating the design hierarchy:
		Caching library 'worklib' ....... Done
  MX2X1 g1448__9315(.A (pc_out[4]), .B (ir_out[4]), .S0
                  |
xmelab: *E,CUVMUR (./code/output/synthesis_net.v,112|18): instance 'tb_risc_cpu.dut@risc_cpu<module>.g1448__9315' of design unit 'MX2X1' is unresolved in 'worklib.risc_cpu:v'.
  MX2X1 g1449__9945(.A (pc_out[1]), .B (ir_out[1]), .S0
                  |
xmelab: *E,CUVMUR (./code/output/synthesis_net.v,114|18): instance 'tb_risc_cpu.dut@risc_cpu<module>.g1449__9945' of design unit 'MX2X1' is unresolved in 'worklib.risc_cpu:v'.
  MX2X1 g1450__2883(.A (pc_out[0]), .B (ir_out[0]), .S0
                  |
xmelab: *E,CUVMUR (./code/output/synthesis_net.v,116|18): instance 'tb_risc_cpu.dut@risc_cpu<module>.g1450__2883' of design unit 'MX2X1' is unresolved in 'worklib.risc_cpu:v'.
  MX2X1 g1451__2346(.A (pc_out[3]), .B (ir_out[3]), .S0
                  |
xmelab: *E,CUVMUR (./code/output/synthesis_net.v,118|18): instance 'tb_risc_cpu.dut@risc_cpu<module>.g1451__2346' of design unit 'MX2X1' is unresolved in 'worklib.risc_cpu:v'.
  MX2X1 g1452__1666(.A (pc_out[2]), .B (ir_out[2]), .S0
                  |
xmelab: *E,CUVMUR (./code/output/synthesis_net.v,120|18): instance 'tb_risc_cpu.dut@risc_cpu<module>.g1452__1666' of design unit 'MX2X1' is unresolved in 'worklib.risc_cpu:v'.
  TBUFX2 u_mem_g2__7410(.A (\u_mem_mem[addr] [6]), .OE (n_244), .Y
                      |
xmelab: *E,CUVMUR (./code/output/synthesis_net.v,122|22): instance 'tb_risc_cpu.dut@risc_cpu<module>.u_mem_g2__7410' of design unit 'TBUFX2' is unresolved in 'worklib.risc_cpu:v'.
  TBUFX2 u_mem_g3__6417(.A (\u_mem_mem[addr] [5]), .OE (n_244), .Y
                      |
xmelab: *E,CUVMUR (./code/output/synthesis_net.v,124|22): instance 'tb_risc_cpu.dut@risc_cpu<module>.u_mem_g3__6417' of design unit 'TBUFX2' is unresolved in 'worklib.risc_cpu:v'.
  TBUFX2 u_mem_g75__5477(.A (\u_mem_mem[addr] [4]), .OE (n_244), .Y
                       |
xmelab: *E,CUVMUR (./code/output/synthesis_net.v,126|23): instance 'tb_risc_cpu.dut@risc_cpu<module>.u_mem_g75__5477' of design unit 'TBUFX2' is unresolved in 'worklib.risc_cpu:v'.
  TBUFX2 u_mem_g74__2398(.A (\u_mem_mem[addr] [7]), .OE (n_244), .Y
                       |
xmelab: *E,CUVMUR (./code/output/synthesis_net.v,128|23): instance 'tb_risc_cpu.dut@risc_cpu<module>.u_mem_g74__2398' of design unit 'TBUFX2' is unresolved in 'worklib.risc_cpu:v'.
  TBUFX2 u_mem_g76__5107(.A (\u_mem_mem[addr] [3]), .OE (n_244), .Y
                       |
xmelab: *E,CUVMUR (./code/output/synthesis_net.v,130|23): instance 'tb_risc_cpu.dut@risc_cpu<module>.u_mem_g76__5107' of design unit 'TBUFX2' is unresolved in 'worklib.risc_cpu:v'.
  TBUFX2 u_mem_g77__6260(.A (\u_mem_mem[addr] [2]), .OE (n_244), .Y
                       |
xmelab: *E,CUVMUR (./code/output/synthesis_net.v,132|23): instance 'tb_risc_cpu.dut@risc_cpu<module>.u_mem_g77__6260' of design unit 'TBUFX2' is unresolved in 'worklib.risc_cpu:v'.
  TBUFX2 u_mem_g78__4319(.A (\u_mem_mem[addr] [1]), .OE (n_244), .Y
                       |
xmelab: *E,CUVMUR (./code/output/synthesis_net.v,134|23): instance 'tb_risc_cpu.dut@risc_cpu<module>.u_mem_g78__4319' of design unit 'TBUFX2' is unresolved in 'worklib.risc_cpu:v'.
  TBUFX2 u_mem_g79__8428(.A (\u_mem_mem[addr] [0]), .OE (n_244), .Y
                       |
xmelab: *E,CUVMUR (./code/output/synthesis_net.v,136|23): instance 'tb_risc_cpu.dut@risc_cpu<module>.u_mem_g79__8428' of design unit 'TBUFX2' is unresolved in 'worklib.risc_cpu:v'.
  OR2X1 g1483__5526(.A (n_248), .B (n_243), .Y (n_244));
                  |
xmelab: *E,CUVMUR (./code/output/synthesis_net.v,138|18): instance 'tb_risc_cpu.dut@risc_cpu<module>.g1483__5526' of design unit 'OR2X1' is unresolved in 'worklib.risc_cpu:v'.
  OAI2BB1X1 g1484__6783(.A0N (u_ctrl_state[0]), .A1N (n_241), .B0
                      |
xmelab: *E,CUVMUR (./code/output/synthesis_net.v,139|22): instance 'tb_risc_cpu.dut@risc_cpu<module>.g1484__6783' of design unit 'OAI2BB1X1' is unresolved in 'worklib.risc_cpu:v'.
  TBUFX2 g10__3680(.A (acc_out[0]), .OE (n_242), .Y (data_bus[0]));
                 |
xmelab: *E,CUVMUR (./code/output/synthesis_net.v,141|17): instance 'tb_risc_cpu.dut@risc_cpu<module>.g10__3680' of design unit 'TBUFX2' is unresolved in 'worklib.risc_cpu:v'.
  TBUFX2 g4__1617(.A (acc_out[6]), .OE (n_242), .Y (data_bus[6]));
                |
xmelab: *E,CUVMUR (./code/output/synthesis_net.v,142|16): instance 'tb_risc_cpu.dut@risc_cpu<module>.g4__1617' of design unit 'TBUFX2' is unresolved in 'worklib.risc_cpu:v'.
  TBUFX2 g5__2802(.A (acc_out[5]), .OE (n_242), .Y (data_bus[5]));
                |
xmelab: *E,CUVMUR (./code/output/synthesis_net.v,143|16): instance 'tb_risc_cpu.dut@risc_cpu<module>.g5__2802' of design unit 'TBUFX2' is unresolved in 'worklib.risc_cpu:v'.
  TBUFX2 g6__1705(.A (acc_out[4]), .OE (n_242), .Y (data_bus[4]));
                |
xmelab: *E,CUVMUR (./code/output/synthesis_net.v,144|16): instance 'tb_risc_cpu.dut@risc_cpu<module>.g6__1705' of design unit 'TBUFX2' is unresolved in 'worklib.risc_cpu:v'.
  TBUFX2 g1__5122(.A (acc_out[7]), .OE (n_242), .Y (data_bus[7]));
                |
xmelab: *E,CUVMUR (./code/output/synthesis_net.v,145|16): instance 'tb_risc_cpu.dut@risc_cpu<module>.g1__5122' of design unit 'TBUFX2' is unresolved in 'worklib.risc_cpu:v'.
  TBUFX2 g7__8246(.A (acc_out[3]), .OE (n_242), .Y (data_bus[3]));
                |
xmelab: *E,CUVMUR (./code/output/synthesis_net.v,146|16): instance 'tb_risc_cpu.dut@risc_cpu<module>.g7__8246' of design unit 'TBUFX2' is unresolved in 'worklib.risc_cpu:v'.
  TBUFX2 g8__7098(.A (acc_out[2]), .OE (n_242), .Y (data_bus[2]));
                |
xmelab: *E,CUVMUR (./code/output/synthesis_net.v,147|16): instance 'tb_risc_cpu.dut@risc_cpu<module>.g8__7098' of design unit 'TBUFX2' is unresolved in 'worklib.risc_cpu:v'.
  TBUFX2 g9__6131(.A (acc_out[1]), .OE (n_242), .Y (data_bus[1]));
                |
xmelab: *E,CUVMUR (./code/output/synthesis_net.v,148|16): instance 'tb_risc_cpu.dut@risc_cpu<module>.g9__6131' of design unit 'TBUFX2' is unresolved in 'worklib.risc_cpu:v'.
  OAI22X1 g1485__1881(.A0 (n_51), .A1 (n_240), .B0 (ir_out[7]), .B1
                    |
xmelab: *E,CUVMUR (./code/output/synthesis_net.v,149|20): instance 'tb_risc_cpu.dut@risc_cpu<module>.g1485__1881' of design unit 'OAI22X1' is unresolved in 'worklib.risc_cpu:v'.
  INVX1 g1486(.A (n_242), .Y (n_247));
            |
xmelab: *E,CUVMUR (./code/output/synthesis_net.v,151|12): instance 'tb_risc_cpu.dut@risc_cpu<module>.g1486' of design unit 'INVX1' is unresolved in 'worklib.risc_cpu:v'.
  NOR2X1 g1487__5115(.A (ir_out[5]), .B (n_245), .Y (n_242));
                   |
xmelab: *E,CUVMUR (./code/output/synthesis_net.v,152|19): instance 'tb_risc_cpu.dut@risc_cpu<module>.g1487__5115' of design unit 'NOR2X1' is unresolved in 'worklib.risc_cpu:v'.
  OAI211X1 g1488__7482(.A0 (ir_out[7]), .A1 (n_239), .B0
                     |
xmelab: *E,CUVMUR (./code/output/synthesis_net.v,153|21): instance 'tb_risc_cpu.dut@risc_cpu<module>.g1488__7482' of design unit 'OAI211X1' is unresolved in 'worklib.risc_cpu:v'.
  NAND3BXL g1489__4733(.AN (n_249), .B (ir_out[7]), .C
                     |
xmelab: *E,CUVMUR (./code/output/synthesis_net.v,155|21): instance 'tb_risc_cpu.dut@risc_cpu<module>.g1489__4733' of design unit 'NAND3BXL' is unresolved in 'worklib.risc_cpu:v'.
  NOR4X1 g1490__6161(.A (ir_out[6]), .B (u_ctrl_state[1]), .C (n_246),
                   |
xmelab: *E,CUVMUR (./code/output/synthesis_net.v,157|19): instance 'tb_risc_cpu.dut@risc_cpu<module>.g1490__6161' of design unit 'NOR4X1' is unresolved in 'worklib.risc_cpu:v'.
  NAND2X1 g1491__9315(.A (ir_out[7]), .B (n_239), .Y (n_240));
                    |
xmelab: *E,CUVMUR (./code/output/synthesis_net.v,159|20): instance 'tb_risc_cpu.dut@risc_cpu<module>.g1491__9315' of design unit 'NAND2X1' is unresolved in 'worklib.risc_cpu:v'.
  NAND2X1 g1492__9945(.A (ir_out[6]), .B (u_ctrl_state[1]), .Y (n_249));
                    |
xmelab: *E,CUVMUR (./code/output/synthesis_net.v,160|20): instance 'tb_risc_cpu.dut@risc_cpu<module>.g1492__9945' of design unit 'NAND2X1' is unresolved in 'worklib.risc_cpu:v'.
  NAND2BX1 g1493__2883(.AN (u_ctrl_state[0]), .B (u_ctrl_state[2]), .Y
                     |
xmelab: *E,CUVMUR (./code/output/synthesis_net.v,161|21): instance 'tb_risc_cpu.dut@risc_cpu<module>.g1493__2883' of design unit 'NAND2BX1' is unresolved in 'worklib.risc_cpu:v'.
  OR2X1 g1494__2346(.A (u_ctrl_state[2]), .B (n_51), .Y (n_250));
                  |
xmelab: *E,CUVMUR (./code/output/synthesis_net.v,163|18): instance 'tb_risc_cpu.dut@risc_cpu<module>.g1494__2346' of design unit 'OR2X1' is unresolved in 'worklib.risc_cpu:v'.
  OR2X1 g1495__1666(.A (ir_out[5]), .B (ir_out[7]), .Y (u_alu_n_123));
                  |
xmelab: *E,CUVMUR (./code/output/synthesis_net.v,164|18): instance 'tb_risc_cpu.dut@risc_cpu<module>.g1495__1666' of design unit 'OR2X1' is unresolved in 'worklib.risc_cpu:v'.
  INVX1 g1496(.A (ir_out[6]), .Y (n_239));
            |
xmelab: *E,CUVMUR (./code/output/synthesis_net.v,165|12): instance 'tb_risc_cpu.dut@risc_cpu<module>.g1496' of design unit 'INVX1' is unresolved in 'worklib.risc_cpu:v'.
  INVX1 g1497(.A (u_ctrl_state[1]), .Y (n_51));
            |
xmelab: *E,CUVMUR (./code/output/synthesis_net.v,166|12): instance 'tb_risc_cpu.dut@risc_cpu<module>.g1497' of design unit 'INVX1' is unresolved in 'worklib.risc_cpu:v'.
  DFFHQX1 \u_acc_data_out_reg[0] (.CK (clk), .D (n_188), .Q
                                |
xmelab: *E,CUVMUR (./code/output/synthesis_net.v,167|32): instance 'tb_risc_cpu.dut@risc_cpu<module>.\u_acc_data_out_reg[0] ' of design unit 'DFFHQX1' is unresolved in 'worklib.risc_cpu:v'.
  DFFHQX1 \u_acc_data_out_reg[1] (.CK (clk), .D (n_191), .Q
                                |
xmelab: *E,CUVMUR (./code/output/synthesis_net.v,169|32): instance 'tb_risc_cpu.dut@risc_cpu<module>.\u_acc_data_out_reg[1] ' of design unit 'DFFHQX1' is unresolved in 'worklib.risc_cpu:v'.
  DFFHQX1 \u_acc_data_out_reg[2] (.CK (clk), .D (n_198), .Q
                                |
xmelab: *E,CUVMUR (./code/output/synthesis_net.v,171|32): instance 'tb_risc_cpu.dut@risc_cpu<module>.\u_acc_data_out_reg[2] ' of design unit 'DFFHQX1' is unresolved in 'worklib.risc_cpu:v'.
  DFFHQX1 \u_acc_data_out_reg[3] (.CK (clk), .D (n_210), .Q
                                |
xmelab: *E,CUVMUR (./code/output/synthesis_net.v,173|32): instance 'tb_risc_cpu.dut@risc_cpu<module>.\u_acc_data_out_reg[3] ' of design unit 'DFFHQX1' is unresolved in 'worklib.risc_cpu:v'.
  DFFHQX1 \u_acc_data_out_reg[4] (.CK (clk), .D (n_219), .Q
                                |
xmelab: *E,CUVMUR (./code/output/synthesis_net.v,175|32): instance 'tb_risc_cpu.dut@risc_cpu<module>.\u_acc_data_out_reg[4] ' of design unit 'DFFHQX1' is unresolved in 'worklib.risc_cpu:v'.
  DFFHQX1 \u_acc_data_out_reg[5] (.CK (clk), .D (n_226), .Q
                                |
xmelab: *E,CUVMUR (./code/output/synthesis_net.v,177|32): instance 'tb_risc_cpu.dut@risc_cpu<module>.\u_acc_data_out_reg[5] ' of design unit 'DFFHQX1' is unresolved in 'worklib.risc_cpu:v'.
  DFFHQX1 \u_acc_data_out_reg[6] (.CK (clk), .D (n_234), .Q
                                |
xmelab: *E,CUVMUR (./code/output/synthesis_net.v,179|32): instance 'tb_risc_cpu.dut@risc_cpu<module>.\u_acc_data_out_reg[6] ' of design unit 'DFFHQX1' is unresolved in 'worklib.risc_cpu:v'.
  DFFHQX1 \u_acc_data_out_reg[7] (.CK (clk), .D (n_237), .Q
                                |
xmelab: *E,CUVMUR (./code/output/synthesis_net.v,181|32): instance 'tb_risc_cpu.dut@risc_cpu<module>.\u_acc_data_out_reg[7] ' of design unit 'DFFHQX1' is unresolved in 'worklib.risc_cpu:v'.
  DFFHQX1 \u_ctrl_state_reg[0] (.CK (clk), .D (n_65), .Q
                              |
xmelab: *E,CUVMUR (./code/output/synthesis_net.v,183|30): instance 'tb_risc_cpu.dut@risc_cpu<module>.\u_ctrl_state_reg[0] ' of design unit 'DFFHQX1' is unresolved in 'worklib.risc_cpu:v'.
  DFFHQX1 \u_ctrl_state_reg[1] (.CK (clk), .D (n_127), .Q
                              |
xmelab: *E,CUVMUR (./code/output/synthesis_net.v,185|30): instance 'tb_risc_cpu.dut@risc_cpu<module>.\u_ctrl_state_reg[1] ' of design unit 'DFFHQX1' is unresolved in 'worklib.risc_cpu:v'.
  DFFHQX1 \u_ctrl_state_reg[2] (.CK (clk), .D (n_133), .Q
                              |
xmelab: *E,CUVMUR (./code/output/synthesis_net.v,187|30): instance 'tb_risc_cpu.dut@risc_cpu<module>.\u_ctrl_state_reg[2] ' of design unit 'DFFHQX1' is unresolved in 'worklib.risc_cpu:v'.
  DFFHQX1 \u_ir_data_out_reg[0] (.CK (clk), .D (n_122), .Q (ir_out[0]));
                               |
xmelab: *E,CUVMUR (./code/output/synthesis_net.v,189|31): instance 'tb_risc_cpu.dut@risc_cpu<module>.\u_ir_data_out_reg[0] ' of design unit 'DFFHQX1' is unresolved in 'worklib.risc_cpu:v'.
  DFFHQX1 \u_ir_data_out_reg[1] (.CK (clk), .D (n_119), .Q (ir_out[1]));
                               |
xmelab: *E,CUVMUR (./code/output/synthesis_net.v,190|31): instance 'tb_risc_cpu.dut@risc_cpu<module>.\u_ir_data_out_reg[1] ' of design unit 'DFFHQX1' is unresolved in 'worklib.risc_cpu:v'.
  DFFHQX1 \u_ir_data_out_reg[2] (.CK (clk), .D (n_123), .Q (ir_out[2]));
                               |
xmelab: *E,CUVMUR (./code/output/synthesis_net.v,191|31): instance 'tb_risc_cpu.dut@risc_cpu<module>.\u_ir_data_out_reg[2] ' of design unit 'DFFHQX1' is unresolved in 'worklib.risc_cpu:v'.
  DFFHQX1 \u_ir_data_out_reg[3] (.CK (clk), .D (n_118), .Q (ir_out[3]));
                               |
xmelab: *E,CUVMUR (./code/output/synthesis_net.v,192|31): instance 'tb_risc_cpu.dut@risc_cpu<module>.\u_ir_data_out_reg[3] ' of design unit 'DFFHQX1' is unresolved in 'worklib.risc_cpu:v'.
  DFFHQX1 \u_ir_data_out_reg[4] (.CK (clk), .D (n_117), .Q (ir_out[4]));
                               |
xmelab: *E,CUVMUR (./code/output/synthesis_net.v,193|31): instance 'tb_risc_cpu.dut@risc_cpu<module>.\u_ir_data_out_reg[4] ' of design unit 'DFFHQX1' is unresolved in 'worklib.risc_cpu:v'.
  DFFHQX1 \u_ir_data_out_reg[5] (.CK (clk), .D (n_116), .Q (ir_out[5]));
                               |
xmelab: *E,CUVMUR (./code/output/synthesis_net.v,194|31): instance 'tb_risc_cpu.dut@risc_cpu<module>.\u_ir_data_out_reg[5] ' of design unit 'DFFHQX1' is unresolved in 'worklib.risc_cpu:v'.
  DFFHQX1 \u_ir_data_out_reg[6] (.CK (clk), .D (n_121), .Q (ir_out[6]));
                               |
xmelab: *E,CUVMUR (./code/output/synthesis_net.v,195|31): instance 'tb_risc_cpu.dut@risc_cpu<module>.\u_ir_data_out_reg[6] ' of design unit 'DFFHQX1' is unresolved in 'worklib.risc_cpu:v'.
  DFFHQX1 \u_ir_data_out_reg[7] (.CK (clk), .D (n_120), .Q (ir_out[7]));
                               |
xmelab: *E,CUVMUR (./code/output/synthesis_net.v,196|31): instance 'tb_risc_cpu.dut@risc_cpu<module>.\u_ir_data_out_reg[7] ' of design unit 'DFFHQX1' is unresolved in 'worklib.risc_cpu:v'.
  SDFFQX1 \u_mem_mem_reg[0][0] (.CK (clk), .D (n_34), .SI
                              |
xmelab: *E,CUVMUR (./code/output/synthesis_net.v,197|30): instance 'tb_risc_cpu.dut@risc_cpu<module>.\u_mem_mem_reg[0][0] ' of design unit 'SDFFQX1' is unresolved in 'worklib.risc_cpu:v'.
  SDFFQX1 \u_mem_mem_reg[0][1] (.CK (clk), .D (n_21), .SI
                              |
xmelab: *E,CUVMUR (./code/output/synthesis_net.v,199|30): instance 'tb_risc_cpu.dut@risc_cpu<module>.\u_mem_mem_reg[0][1] ' of design unit 'SDFFQX1' is unresolved in 'worklib.risc_cpu:v'.
  SDFFQX1 \u_mem_mem_reg[0][2] (.CK (clk), .D (n_36), .SI
                              |
xmelab: *E,CUVMUR (./code/output/synthesis_net.v,201|30): instance 'tb_risc_cpu.dut@risc_cpu<module>.\u_mem_mem_reg[0][2] ' of design unit 'SDFFQX1' is unresolved in 'worklib.risc_cpu:v'.
  SDFFQX1 \u_mem_mem_reg[0][3] (.CK (clk), .D (data_bus[3]), .SI
                              |
xmelab: *E,CUVMUR (./code/output/synthesis_net.v,203|30): instance 'tb_risc_cpu.dut@risc_cpu<module>.\u_mem_mem_reg[0][3] ' of design unit 'SDFFQX1' is unresolved in 'worklib.risc_cpu:v'.
  SDFFQX1 \u_mem_mem_reg[0][4] (.CK (clk), .D (n_16), .SI
                              |
xmelab: *E,CUVMUR (./code/output/synthesis_net.v,205|30): instance 'tb_risc_cpu.dut@risc_cpu<module>.\u_mem_mem_reg[0][4] ' of design unit 'SDFFQX1' is unresolved in 'worklib.risc_cpu:v'.
  SDFFQX1 \u_mem_mem_reg[0][5] (.CK (clk), .D (n_29), .SI
                              |
xmelab: *E,CUVMUR (./code/output/synthesis_net.v,207|30): instance 'tb_risc_cpu.dut@risc_cpu<module>.\u_mem_mem_reg[0][5] ' of design unit 'SDFFQX1' is unresolved in 'worklib.risc_cpu:v'.
  SDFFQX1 \u_mem_mem_reg[0][6] (.CK (clk), .D (n_14), .SI
                              |
xmelab: *E,CUVMUR (./code/output/synthesis_net.v,209|30): instance 'tb_risc_cpu.dut@risc_cpu<module>.\u_mem_mem_reg[0][6] ' of design unit 'SDFFQX1' is unresolved in 'worklib.risc_cpu:v'.
  SDFFQX1 \u_mem_mem_reg[0][7] (.CK (clk), .D (n_10), .SI
                              |
xmelab: *E,CUVMUR (./code/output/synthesis_net.v,211|30): instance 'tb_risc_cpu.dut@risc_cpu<module>.\u_mem_mem_reg[0][7] ' of design unit 'SDFFQX1' is unresolved in 'worklib.risc_cpu:v'.
  SDFFQX1 \u_mem_mem_reg[1][0] (.CK (clk), .D (n_32), .SI
                              |
xmelab: *E,CUVMUR (./code/output/synthesis_net.v,213|30): instance 'tb_risc_cpu.dut@risc_cpu<module>.\u_mem_mem_reg[1][0] ' of design unit 'SDFFQX1' is unresolved in 'worklib.risc_cpu:v'.
  SDFFQX1 \u_mem_mem_reg[1][1] (.CK (clk), .D (n_21), .SI
                              |
xmelab: *E,CUVMUR (./code/output/synthesis_net.v,215|30): instance 'tb_risc_cpu.dut@risc_cpu<module>.\u_mem_mem_reg[1][1] ' of design unit 'SDFFQX1' is unresolved in 'worklib.risc_cpu:v'.
  SDFFQX1 \u_mem_mem_reg[1][2] (.CK (clk), .D (data_bus[2]), .SI
                              |
xmelab: *E,CUVMUR (./code/output/synthesis_net.v,217|30): instance 'tb_risc_cpu.dut@risc_cpu<module>.\u_mem_mem_reg[1][2] ' of design unit 'SDFFQX1' is unresolved in 'worklib.risc_cpu:v'.
  SDFFQX1 \u_mem_mem_reg[1][3] (.CK (clk), .D (n_24), .SI
                              |
xmelab: *E,CUVMUR (./code/output/synthesis_net.v,219|30): instance 'tb_risc_cpu.dut@risc_cpu<module>.\u_mem_mem_reg[1][3] ' of design unit 'SDFFQX1' is unresolved in 'worklib.risc_cpu:v'.
  SDFFQX1 \u_mem_mem_reg[1][4] (.CK (clk), .D (n_18), .SI
                              |
xmelab: *E,CUVMUR (./code/output/synthesis_net.v,221|30): instance 'tb_risc_cpu.dut@risc_cpu<module>.\u_mem_mem_reg[1][4] ' of design unit 'SDFFQX1' is unresolved in 'worklib.risc_cpu:v'.
  SDFFQX1 \u_mem_mem_reg[1][5] (.CK (clk), .D (n_30), .SI
                              |
xmelab: *E,CUVMUR (./code/output/synthesis_net.v,223|30): instance 'tb_risc_cpu.dut@risc_cpu<module>.\u_mem_mem_reg[1][5] ' of design unit 'SDFFQX1' is unresolved in 'worklib.risc_cpu:v'.
  SDFFQX1 \u_mem_mem_reg[1][6] (.CK (clk), .D (data_bus[6]), .SI
                              |
xmelab: *E,CUVMUR (./code/output/synthesis_net.v,225|30): instance 'tb_risc_cpu.dut@risc_cpu<module>.\u_mem_mem_reg[1][6] ' of design unit 'SDFFQX1' is unresolved in 'worklib.risc_cpu:v'.
  SDFFQX1 \u_mem_mem_reg[1][7] (.CK (clk), .D (n_8), .SI
                              |
xmelab: *E,CUVMUR (./code/output/synthesis_net.v,227|30): instance 'tb_risc_cpu.dut@risc_cpu<module>.\u_mem_mem_reg[1][7] ' of design unit 'SDFFQX1' is unresolved in 'worklib.risc_cpu:v'.
  SDFFQX1 \u_mem_mem_reg[2][0] (.CK (clk), .D (\u_mem_mem[2] [0]), .SI
                              |
xmelab: *E,CUVMUR (./code/output/synthesis_net.v,229|30): instance 'tb_risc_cpu.dut@risc_cpu<module>.\u_mem_mem_reg[2][0] ' of design unit 'SDFFQX1' is unresolved in 'worklib.risc_cpu:v'.
  SDFFQX1 \u_mem_mem_reg[2][1] (.CK (clk), .D (\u_mem_mem[2] [1]), .SI
                              |
xmelab: *E,CUVMUR (./code/output/synthesis_net.v,231|30): instance 'tb_risc_cpu.dut@risc_cpu<module>.\u_mem_mem_reg[2][1] ' of design unit 'SDFFQX1' is unresolved in 'worklib.risc_cpu:v'.
  SDFFQX1 \u_mem_mem_reg[2][2] (.CK (clk), .D (\u_mem_mem[2] [2]), .SI
                              |
xmelab: *E,CUVMUR (./code/output/synthesis_net.v,233|30): instance 'tb_risc_cpu.dut@risc_cpu<module>.\u_mem_mem_reg[2][2] ' of design unit 'SDFFQX1' is unresolved in 'worklib.risc_cpu:v'.
  SDFFQX1 \u_mem_mem_reg[2][3] (.CK (clk), .D (\u_mem_mem[2] [3]), .SI
                              |
xmelab: *E,CUVMUR (./code/output/synthesis_net.v,235|30): instance 'tb_risc_cpu.dut@risc_cpu<module>.\u_mem_mem_reg[2][3] ' of design unit 'SDFFQX1' is unresolved in 'worklib.risc_cpu:v'.
  SDFFQX1 \u_mem_mem_reg[2][4] (.CK (clk), .D (\u_mem_mem[2] [4]), .SI
                              |
xmelab: *E,CUVMUR (./code/output/synthesis_net.v,237|30): instance 'tb_risc_cpu.dut@risc_cpu<module>.\u_mem_mem_reg[2][4] ' of design unit 'SDFFQX1' is unresolved in 'worklib.risc_cpu:v'.
  SDFFQX1 \u_mem_mem_reg[2][5] (.CK (clk), .D (\u_mem_mem[2] [5]), .SI
                              |
xmelab: *E,CUVMUR (./code/output/synthesis_net.v,239|30): instance 'tb_risc_cpu.dut@risc_cpu<module>.\u_mem_mem_reg[2][5] ' of design unit 'SDFFQX1' is unresolved in 'worklib.risc_cpu:v'.
  SDFFQX1 \u_mem_mem_reg[2][6] (.CK (clk), .D (\u_mem_mem[2] [6]), .SI
                              |
xmelab: *E,CUVMUR (./code/output/synthesis_net.v,241|30): instance 'tb_risc_cpu.dut@risc_cpu<module>.\u_mem_mem_reg[2][6] ' of design unit 'SDFFQX1' is unresolved in 'worklib.risc_cpu:v'.
  SDFFQX1 \u_mem_mem_reg[2][7] (.CK (clk), .D (\u_mem_mem[2] [7]), .SI
                              |
xmelab: *E,CUVMUR (./code/output/synthesis_net.v,243|30): instance 'tb_risc_cpu.dut@risc_cpu<module>.\u_mem_mem_reg[2][7] ' of design unit 'SDFFQX1' is unresolved in 'worklib.risc_cpu:v'.
  SDFFQX1 \u_mem_mem_reg[3][0] (.CK (clk), .D (\u_mem_mem[3] [0]), .SI
                              |
xmelab: *E,CUVMUR (./code/output/synthesis_net.v,245|30): instance 'tb_risc_cpu.dut@risc_cpu<module>.\u_mem_mem_reg[3][0] ' of design unit 'SDFFQX1' is unresolved in 'worklib.risc_cpu:v'.
  SDFFQX1 \u_mem_mem_reg[3][1] (.CK (clk), .D (\u_mem_mem[3] [1]), .SI
                              |
xmelab: *E,CUVMUR (./code/output/synthesis_net.v,247|30): instance 'tb_risc_cpu.dut@risc_cpu<module>.\u_mem_mem_reg[3][1] ' of design unit 'SDFFQX1' is unresolved in 'worklib.risc_cpu:v'.
  SDFFQX1 \u_mem_mem_reg[3][2] (.CK (clk), .D (\u_mem_mem[3] [2]), .SI
                              |
xmelab: *E,CUVMUR (./code/output/synthesis_net.v,249|30): instance 'tb_risc_cpu.dut@risc_cpu<module>.\u_mem_mem_reg[3][2] ' of design unit 'SDFFQX1' is unresolved in 'worklib.risc_cpu:v'.
  SDFFQX1 \u_mem_mem_reg[3][3] (.CK (clk), .D (\u_mem_mem[3] [3]), .SI
                              |
xmelab: *E,CUVMUR (./code/output/synthesis_net.v,251|30): instance 'tb_risc_cpu.dut@risc_cpu<module>.\u_mem_mem_reg[3][3] ' of design unit 'SDFFQX1' is unresolved in 'worklib.risc_cpu:v'.
  SDFFQX1 \u_mem_mem_reg[3][4] (.CK (clk), .D (\u_mem_mem[3] [4]), .SI
                              |
xmelab: *E,CUVMUR (./code/output/synthesis_net.v,253|30): instance 'tb_risc_cpu.dut@risc_cpu<module>.\u_mem_mem_reg[3][4] ' of design unit 'SDFFQX1' is unresolved in 'worklib.risc_cpu:v'.
  SDFFQX1 \u_mem_mem_reg[3][5] (.CK (clk), .D (\u_mem_mem[3] [5]), .SI
                              |
xmelab: *E,CUVMUR (./code/output/synthesis_net.v,255|30): instance 'tb_risc_cpu.dut@risc_cpu<module>.\u_mem_mem_reg[3][5] ' of design unit 'SDFFQX1' is unresolved in 'worklib.risc_cpu:v'.
  SDFFQX1 \u_mem_mem_reg[3][6] (.CK (clk), .D (\u_mem_mem[3] [6]), .SI
                              |
xmelab: *E,CUVMUR (./code/output/synthesis_net.v,257|30): instance 'tb_risc_cpu.dut@risc_cpu<module>.\u_mem_mem_reg[3][6] ' of design unit 'SDFFQX1' is unresolved in 'worklib.risc_cpu:v'.
  SDFFQX1 \u_mem_mem_reg[3][7] (.CK (clk), .D (\u_mem_mem[3] [7]), .SI
                              |
xmelab: *E,CUVMUR (./code/output/synthesis_net.v,259|30): instance 'tb_risc_cpu.dut@risc_cpu<module>.\u_mem_mem_reg[3][7] ' of design unit 'SDFFQX1' is unresolved in 'worklib.risc_cpu:v'.
  SDFFQX1 \u_mem_mem_reg[4][0] (.CK (clk), .D (n_32), .SI
                              |
xmelab: *E,CUVMUR (./code/output/synthesis_net.v,261|30): instance 'tb_risc_cpu.dut@risc_cpu<module>.\u_mem_mem_reg[4][0] ' of design unit 'SDFFQX1' is unresolved in 'worklib.risc_cpu:v'.
  SDFFQX1 \u_mem_mem_reg[4][1] (.CK (clk), .D (n_21), .SI
                              |
xmelab: *E,CUVMUR (./code/output/synthesis_net.v,263|30): instance 'tb_risc_cpu.dut@risc_cpu<module>.\u_mem_mem_reg[4][1] ' of design unit 'SDFFQX1' is unresolved in 'worklib.risc_cpu:v'.
  SDFFQX1 \u_mem_mem_reg[4][2] (.CK (clk), .D (n_38), .SI
                              |
xmelab: *E,CUVMUR (./code/output/synthesis_net.v,265|30): instance 'tb_risc_cpu.dut@risc_cpu<module>.\u_mem_mem_reg[4][2] ' of design unit 'SDFFQX1' is unresolved in 'worklib.risc_cpu:v'.
  SDFFQX1 \u_mem_mem_reg[4][3] (.CK (clk), .D (n_26), .SI
                              |
xmelab: *E,CUVMUR (./code/output/synthesis_net.v,267|30): instance 'tb_risc_cpu.dut@risc_cpu<module>.\u_mem_mem_reg[4][3] ' of design unit 'SDFFQX1' is unresolved in 'worklib.risc_cpu:v'.
  SDFFQX1 \u_mem_mem_reg[4][4] (.CK (clk), .D (data_bus[4]), .SI
                              |
xmelab: *E,CUVMUR (./code/output/synthesis_net.v,269|30): instance 'tb_risc_cpu.dut@risc_cpu<module>.\u_mem_mem_reg[4][4] ' of design unit 'SDFFQX1' is unresolved in 'worklib.risc_cpu:v'.
  SDFFQX1 \u_mem_mem_reg[4][5] (.CK (clk), .D (data_bus[5]), .SI
                              |
xmelab: *E,CUVMUR (./code/output/synthesis_net.v,271|30): instance 'tb_risc_cpu.dut@risc_cpu<module>.\u_mem_mem_reg[4][5] ' of design unit 'SDFFQX1' is unresolved in 'worklib.risc_cpu:v'.
  SDFFQX1 \u_mem_mem_reg[4][6] (.CK (clk), .D (data_bus[6]), .SI
                              |
xmelab: *E,CUVMUR (./code/output/synthesis_net.v,273|30): instance 'tb_risc_cpu.dut@risc_cpu<module>.\u_mem_mem_reg[4][6] ' of design unit 'SDFFQX1' is unresolved in 'worklib.risc_cpu:v'.
  SDFFQX1 \u_mem_mem_reg[4][7] (.CK (clk), .D (n_10), .SI
                              |
xmelab: *E,CUVMUR (./code/output/synthesis_net.v,275|30): instance 'tb_risc_cpu.dut@risc_cpu<module>.\u_mem_mem_reg[4][7] ' of design unit 'SDFFQX1' is unresolved in 'worklib.risc_cpu:v'.
  SDFFQX1 \u_mem_mem_reg[5][0] (.CK (clk), .D (\u_mem_mem[5] [0]), .SI
                              |
xmelab: *E,CUVMUR (./code/output/synthesis_net.v,277|30): instance 'tb_risc_cpu.dut@risc_cpu<module>.\u_mem_mem_reg[5][0] ' of design unit 'SDFFQX1' is unresolved in 'worklib.risc_cpu:v'.
  SDFFQX1 \u_mem_mem_reg[5][1] (.CK (clk), .D (\u_mem_mem[5] [1]), .SI
                              |
xmelab: *E,CUVMUR (./code/output/synthesis_net.v,279|30): instance 'tb_risc_cpu.dut@risc_cpu<module>.\u_mem_mem_reg[5][1] ' of design unit 'SDFFQX1' is unresolved in 'worklib.risc_cpu:v'.
  SDFFQX1 \u_mem_mem_reg[5][2] (.CK (clk), .D (\u_mem_mem[5] [2]), .SI
                              |
xmelab: *E,CUVMUR (./code/output/synthesis_net.v,281|30): instance 'tb_risc_cpu.dut@risc_cpu<module>.\u_mem_mem_reg[5][2] ' of design unit 'SDFFQX1' is unresolved in 'worklib.risc_cpu:v'.
  SDFFQX1 \u_mem_mem_reg[5][3] (.CK (clk), .D (\u_mem_mem[5] [3]), .SI
                              |
xmelab: *E,CUVMUR (./code/output/synthesis_net.v,283|30): instance 'tb_risc_cpu.dut@risc_cpu<module>.\u_mem_mem_reg[5][3] ' of design unit 'SDFFQX1' is unresolved in 'worklib.risc_cpu:v'.
  SDFFQX1 \u_mem_mem_reg[5][4] (.CK (clk), .D (\u_mem_mem[5] [4]), .SI
                              |
xmelab: *E,CUVMUR (./code/output/synthesis_net.v,285|30): instance 'tb_risc_cpu.dut@risc_cpu<module>.\u_mem_mem_reg[5][4] ' of design unit 'SDFFQX1' is unresolved in 'worklib.risc_cpu:v'.
  SDFFQX1 \u_mem_mem_reg[5][5] (.CK (clk), .D (\u_mem_mem[5] [5]), .SI
                              |
xmelab: *E,CUVMUR (./code/output/synthesis_net.v,287|30): instance 'tb_risc_cpu.dut@risc_cpu<module>.\u_mem_mem_reg[5][5] ' of design unit 'SDFFQX1' is unresolved in 'worklib.risc_cpu:v'.
  SDFFQX1 \u_mem_mem_reg[5][6] (.CK (clk), .D (\u_mem_mem[5] [6]), .SI
                              |
xmelab: *E,CUVMUR (./code/output/synthesis_net.v,289|30): instance 'tb_risc_cpu.dut@risc_cpu<module>.\u_mem_mem_reg[5][6] ' of design unit 'SDFFQX1' is unresolved in 'worklib.risc_cpu:v'.
  SDFFQX1 \u_mem_mem_reg[5][7] (.CK (clk), .D (\u_mem_mem[5] [7]), .SI
                              |
xmelab: *E,CUVMUR (./code/output/synthesis_net.v,291|30): instance 'tb_risc_cpu.dut@risc_cpu<module>.\u_mem_mem_reg[5][7] ' of design unit 'SDFFQX1' is unresolved in 'worklib.risc_cpu:v'.
  SDFFQX1 \u_mem_mem_reg[6][0] (.CK (clk), .D (\u_mem_mem[6] [0]), .SI
                              |
xmelab: *E,CUVMUR (./code/output/synthesis_net.v,293|30): instance 'tb_risc_cpu.dut@risc_cpu<module>.\u_mem_mem_reg[6][0] ' of design unit 'SDFFQX1' is unresolved in 'worklib.risc_cpu:v'.
  SDFFQX1 \u_mem_mem_reg[6][1] (.CK (clk), .D (\u_mem_mem[6] [1]), .SI
                              |
xmelab: *E,CUVMUR (./code/output/synthesis_net.v,295|30): instance 'tb_risc_cpu.dut@risc_cpu<module>.\u_mem_mem_reg[6][1] ' of design unit 'SDFFQX1' is unresolved in 'worklib.risc_cpu:v'.
  SDFFQX1 \u_mem_mem_reg[6][2] (.CK (clk), .D (\u_mem_mem[6] [2]), .SI
                              |
xmelab: *E,CUVMUR (./code/output/synthesis_net.v,297|30): instance 'tb_risc_cpu.dut@risc_cpu<module>.\u_mem_mem_reg[6][2] ' of design unit 'SDFFQX1' is unresolved in 'worklib.risc_cpu:v'.
  SDFFQX1 \u_mem_mem_reg[6][3] (.CK (clk), .D (\u_mem_mem[6] [3]), .SI
                              |
xmelab: *E,CUVMUR (./code/output/synthesis_net.v,299|30): instance 'tb_risc_cpu.dut@risc_cpu<module>.\u_mem_mem_reg[6][3] ' of design unit 'SDFFQX1' is unresolved in 'worklib.risc_cpu:v'.
  SDFFQX1 \u_mem_mem_reg[6][4] (.CK (clk), .D (\u_mem_mem[6] [4]), .SI
                              |
xmelab: *E,CUVMUR (./code/output/synthesis_net.v,301|30): instance 'tb_risc_cpu.dut@risc_cpu<module>.\u_mem_mem_reg[6][4] ' of design unit 'SDFFQX1' is unresolved in 'worklib.risc_cpu:v'.
  SDFFQX1 \u_mem_mem_reg[6][5] (.CK (clk), .D (\u_mem_mem[6] [5]), .SI
                              |
xmelab: *E,CUVMUR (./code/output/synthesis_net.v,303|30): instance 'tb_risc_cpu.dut@risc_cpu<module>.\u_mem_mem_reg[6][5] ' of design unit 'SDFFQX1' is unresolved in 'worklib.risc_cpu:v'.
  SDFFQX1 \u_mem_mem_reg[6][6] (.CK (clk), .D (\u_mem_mem[6] [6]), .SI
                              |
xmelab: *E,CUVMUR (./code/output/synthesis_net.v,305|30): instance 'tb_risc_cpu.dut@risc_cpu<module>.\u_mem_mem_reg[6][6] ' of design unit 'SDFFQX1' is unresolved in 'worklib.risc_cpu:v'.
  SDFFQX1 \u_mem_mem_reg[6][7] (.CK (clk), .D (\u_mem_mem[6] [7]), .SI
                              |
xmelab: *E,CUVMUR (./code/output/synthesis_net.v,307|30): instance 'tb_risc_cpu.dut@risc_cpu<module>.\u_mem_mem_reg[6][7] ' of design unit 'SDFFQX1' is unresolved in 'worklib.risc_cpu:v'.
  SDFFQX1 \u_mem_mem_reg[7][0] (.CK (clk), .D (\u_mem_mem[7] [0]), .SI
                              |
xmelab: *E,CUVMUR (./code/output/synthesis_net.v,309|30): instance 'tb_risc_cpu.dut@risc_cpu<module>.\u_mem_mem_reg[7][0] ' of design unit 'SDFFQX1' is unresolved in 'worklib.risc_cpu:v'.
  SDFFQX1 \u_mem_mem_reg[7][1] (.CK (clk), .D (\u_mem_mem[7] [1]), .SI
                              |
xmelab: *E,CUVMUR (./code/output/synthesis_net.v,311|30): instance 'tb_risc_cpu.dut@risc_cpu<module>.\u_mem_mem_reg[7][1] ' of design unit 'SDFFQX1' is unresolved in 'worklib.risc_cpu:v'.
  SDFFQX1 \u_mem_mem_reg[7][2] (.CK (clk), .D (\u_mem_mem[7] [2]), .SI
                              |
xmelab: *E,CUVMUR (./code/output/synthesis_net.v,313|30): instance 'tb_risc_cpu.dut@risc_cpu<module>.\u_mem_mem_reg[7][2] ' of design unit 'SDFFQX1' is unresolved in 'worklib.risc_cpu:v'.
  SDFFQX1 \u_mem_mem_reg[7][3] (.CK (clk), .D (\u_mem_mem[7] [3]), .SI
                              |
xmelab: *E,CUVMUR (./code/output/synthesis_net.v,315|30): instance 'tb_risc_cpu.dut@risc_cpu<module>.\u_mem_mem_reg[7][3] ' of design unit 'SDFFQX1' is unresolved in 'worklib.risc_cpu:v'.
  SDFFQX1 \u_mem_mem_reg[7][4] (.CK (clk), .D (\u_mem_mem[7] [4]), .SI
                              |
xmelab: *E,CUVMUR (./code/output/synthesis_net.v,317|30): instance 'tb_risc_cpu.dut@risc_cpu<module>.\u_mem_mem_reg[7][4] ' of design unit 'SDFFQX1' is unresolved in 'worklib.risc_cpu:v'.
  SDFFQX1 \u_mem_mem_reg[7][5] (.CK (clk), .D (\u_mem_mem[7] [5]), .SI
                              |
xmelab: *E,CUVMUR (./code/output/synthesis_net.v,319|30): instance 'tb_risc_cpu.dut@risc_cpu<module>.\u_mem_mem_reg[7][5] ' of design unit 'SDFFQX1' is unresolved in 'worklib.risc_cpu:v'.
  SDFFQX1 \u_mem_mem_reg[7][6] (.CK (clk), .D (\u_mem_mem[7] [6]), .SI
                              |
xmelab: *E,CUVMUR (./code/output/synthesis_net.v,321|30): instance 'tb_risc_cpu.dut@risc_cpu<module>.\u_mem_mem_reg[7][6] ' of design unit 'SDFFQX1' is unresolved in 'worklib.risc_cpu:v'.
  SDFFQX1 \u_mem_mem_reg[7][7] (.CK (clk), .D (\u_mem_mem[7] [7]), .SI
                              |
xmelab: *E,CUVMUR (./code/output/synthesis_net.v,323|30): instance 'tb_risc_cpu.dut@risc_cpu<module>.\u_mem_mem_reg[7][7] ' of design unit 'SDFFQX1' is unresolved in 'worklib.risc_cpu:v'.
  SDFFQX1 \u_mem_mem_reg[8][0] (.CK (clk), .D (n_33), .SI
                              |
xmelab: *E,CUVMUR (./code/output/synthesis_net.v,325|30): instance 'tb_risc_cpu.dut@risc_cpu<module>.\u_mem_mem_reg[8][0] ' of design unit 'SDFFQX1' is unresolved in 'worklib.risc_cpu:v'.
  SDFFQX1 \u_mem_mem_reg[8][1] (.CK (clk), .D (n_20), .SI
                              |
xmelab: *E,CUVMUR (./code/output/synthesis_net.v,327|30): instance 'tb_risc_cpu.dut@risc_cpu<module>.\u_mem_mem_reg[8][1] ' of design unit 'SDFFQX1' is unresolved in 'worklib.risc_cpu:v'.
  SDFFQX1 \u_mem_mem_reg[8][2] (.CK (clk), .D (n_38), .SI
                              |
xmelab: *E,CUVMUR (./code/output/synthesis_net.v,329|30): instance 'tb_risc_cpu.dut@risc_cpu<module>.\u_mem_mem_reg[8][2] ' of design unit 'SDFFQX1' is unresolved in 'worklib.risc_cpu:v'.
  SDFFQX1 \u_mem_mem_reg[8][3] (.CK (clk), .D (n_24), .SI
                              |
xmelab: *E,CUVMUR (./code/output/synthesis_net.v,331|30): instance 'tb_risc_cpu.dut@risc_cpu<module>.\u_mem_mem_reg[8][3] ' of design unit 'SDFFQX1' is unresolved in 'worklib.risc_cpu:v'.
  SDFFQX1 \u_mem_mem_reg[8][4] (.CK (clk), .D (n_18), .SI
                              |
xmelab: *E,CUVMUR (./code/output/synthesis_net.v,333|30): instance 'tb_risc_cpu.dut@risc_cpu<module>.\u_mem_mem_reg[8][4] ' of design unit 'SDFFQX1' is unresolved in 'worklib.risc_cpu:v'.
  SDFFQX1 \u_mem_mem_reg[8][5] (.CK (clk), .D (n_30), .SI
                              |
xmelab: *E,CUVMUR (./code/output/synthesis_net.v,335|30): instance 'tb_risc_cpu.dut@risc_cpu<module>.\u_mem_mem_reg[8][5] ' of design unit 'SDFFQX1' is unresolved in 'worklib.risc_cpu:v'.
  SDFFQX1 \u_mem_mem_reg[8][6] (.CK (clk), .D (n_14), .SI
                              |
xmelab: *E,CUVMUR (./code/output/synthesis_net.v,337|30): instance 'tb_risc_cpu.dut@risc_cpu<module>.\u_mem_mem_reg[8][6] ' of design unit 'SDFFQX1' is unresolved in 'worklib.risc_cpu:v'.
  SDFFQX1 \u_mem_mem_reg[8][7] (.CK (clk), .D (n_8), .SI
                              |
xmelab: *E,CUVMUR (./code/output/synthesis_net.v,339|30): instance 'tb_risc_cpu.dut@risc_cpu<module>.\u_mem_mem_reg[8][7] ' of design unit 'SDFFQX1' is unresolved in 'worklib.risc_cpu:v'.
  SDFFQX1 \u_mem_mem_reg[9][0] (.CK (clk), .D (data_bus[0]), .SI
                              |
xmelab: *E,CUVMUR (./code/output/synthesis_net.v,341|30): instance 'tb_risc_cpu.dut@risc_cpu<module>.\u_mem_mem_reg[9][0] ' of design unit 'SDFFQX1' is unresolved in 'worklib.risc_cpu:v'.
  SDFFQX1 \u_mem_mem_reg[9][1] (.CK (clk), .D (data_bus[1]), .SI
                              |
xmelab: *E,CUVMUR (./code/output/synthesis_net.v,343|30): instance 'tb_risc_cpu.dut@risc_cpu<module>.\u_mem_mem_reg[9][1] ' of design unit 'SDFFQX1' is unresolved in 'worklib.risc_cpu:v'.
  SDFFQX1 \u_mem_mem_reg[9][2] (.CK (clk), .D (n_37), .SI
                              |
xmelab: *E,CUVMUR (./code/output/synthesis_net.v,345|30): instance 'tb_risc_cpu.dut@risc_cpu<module>.\u_mem_mem_reg[9][2] ' of design unit 'SDFFQX1' is unresolved in 'worklib.risc_cpu:v'.
  SDFFQX1 \u_mem_mem_reg[9][3] (.CK (clk), .D (n_25), .SI
                              |
xmelab: *E,CUVMUR (./code/output/synthesis_net.v,347|30): instance 'tb_risc_cpu.dut@risc_cpu<module>.\u_mem_mem_reg[9][3] ' of design unit 'SDFFQX1' is unresolved in 'worklib.risc_cpu:v'.
  SDFFQX1 \u_mem_mem_reg[9][4] (.CK (clk), .D (n_17), .SI
                              |
xmelab: *E,CUVMUR (./code/output/synthesis_net.v,349|30): instance 'tb_risc_cpu.dut@risc_cpu<module>.\u_mem_mem_reg[9][4] ' of design unit 'SDFFQX1' is unresolved in 'worklib.risc_cpu:v'.
  SDFFQX1 \u_mem_mem_reg[9][5] (.CK (clk), .D (n_29), .SI
                              |
xmelab: *E,CUVMUR (./code/output/synthesis_net.v,351|30): instance 'tb_risc_cpu.dut@risc_cpu<module>.\u_mem_mem_reg[9][5] ' of design unit 'SDFFQX1' is unresolved in 'worklib.risc_cpu:v'.
  SDFFQX1 \u_mem_mem_reg[9][6] (.CK (clk), .D (n_13), .SI
                              |
xmelab: *E,CUVMUR (./code/output/synthesis_net.v,353|30): instance 'tb_risc_cpu.dut@risc_cpu<module>.\u_mem_mem_reg[9][6] ' of design unit 'SDFFQX1' is unresolved in 'worklib.risc_cpu:v'.
  SDFFQX1 \u_mem_mem_reg[9][7] (.CK (clk), .D (data_bus[7]), .SI
                              |
xmelab: *E,CUVMUR (./code/output/synthesis_net.v,355|30): instance 'tb_risc_cpu.dut@risc_cpu<module>.\u_mem_mem_reg[9][7] ' of design unit 'SDFFQX1' is unresolved in 'worklib.risc_cpu:v'.
  SDFFQX1 \u_mem_mem_reg[10][0] (.CK (clk), .D (n_32), .SI
                               |
xmelab: *E,CUVMUR (./code/output/synthesis_net.v,357|31): instance 'tb_risc_cpu.dut@risc_cpu<module>.\u_mem_mem_reg[10][0] ' of design unit 'SDFFQX1' is unresolved in 'worklib.risc_cpu:v'.
  SDFFQX1 \u_mem_mem_reg[10][1] (.CK (clk), .D (n_22), .SI
                               |
xmelab: *E,CUVMUR (./code/output/synthesis_net.v,359|31): instance 'tb_risc_cpu.dut@risc_cpu<module>.\u_mem_mem_reg[10][1] ' of design unit 'SDFFQX1' is unresolved in 'worklib.risc_cpu:v'.
  SDFFQX1 \u_mem_mem_reg[10][2] (.CK (clk), .D (data_bus[2]), .SI
                               |
xmelab: *E,CUVMUR (./code/output/synthesis_net.v,361|31): instance 'tb_risc_cpu.dut@risc_cpu<module>.\u_mem_mem_reg[10][2] ' of design unit 'SDFFQX1' is unresolved in 'worklib.risc_cpu:v'.
  SDFFQX1 \u_mem_mem_reg[10][3] (.CK (clk), .D (data_bus[3]), .SI
                               |
xmelab: *E,CUVMUR (./code/output/synthesis_net.v,363|31): instance 'tb_risc_cpu.dut@risc_cpu<module>.\u_mem_mem_reg[10][3] ' of design unit 'SDFFQX1' is unresolved in 'worklib.risc_cpu:v'.
  SDFFQX1 \u_mem_mem_reg[10][4] (.CK (clk), .D (n_16), .SI
                               |
xmelab: *E,CUVMUR (./code/output/synthesis_net.v,365|31): instance 'tb_risc_cpu.dut@risc_cpu<module>.\u_mem_mem_reg[10][4] ' of design unit 'SDFFQX1' is unresolved in 'worklib.risc_cpu:v'.
  SDFFQX1 \u_mem_mem_reg[10][5] (.CK (clk), .D (n_28), .SI
                               |
xmelab: *E,CUVMUR (./code/output/synthesis_net.v,367|31): instance 'tb_risc_cpu.dut@risc_cpu<module>.\u_mem_mem_reg[10][5] ' of design unit 'SDFFQX1' is unresolved in 'worklib.risc_cpu:v'.
  SDFFQX1 \u_mem_mem_reg[10][6] (.CK (clk), .D (n_12), .SI
                               |
xmelab: *E,CUVMUR (./code/output/synthesis_net.v,369|31): instance 'tb_risc_cpu.dut@risc_cpu<module>.\u_mem_mem_reg[10][6] ' of design unit 'SDFFQX1' is unresolved in 'worklib.risc_cpu:v'.
  SDFFQX1 \u_mem_mem_reg[10][7] (.CK (clk), .D (n_10), .SI
                               |
xmelab: *E,CUVMUR (./code/output/synthesis_net.v,371|31): instance 'tb_risc_cpu.dut@risc_cpu<module>.\u_mem_mem_reg[10][7] ' of design unit 'SDFFQX1' is unresolved in 'worklib.risc_cpu:v'.
  SDFFQX1 \u_mem_mem_reg[11][0] (.CK (clk), .D (\u_mem_mem[11] [0]),
                               |
xmelab: *E,CUVMUR (./code/output/synthesis_net.v,373|31): instance 'tb_risc_cpu.dut@risc_cpu<module>.\u_mem_mem_reg[11][0] ' of design unit 'SDFFQX1' is unresolved in 'worklib.risc_cpu:v'.
  SDFFQX1 \u_mem_mem_reg[11][1] (.CK (clk), .D (\u_mem_mem[11] [1]),
                               |
xmelab: *E,CUVMUR (./code/output/synthesis_net.v,375|31): instance 'tb_risc_cpu.dut@risc_cpu<module>.\u_mem_mem_reg[11][1] ' of design unit 'SDFFQX1' is unresolved in 'worklib.risc_cpu:v'.
  SDFFQX1 \u_mem_mem_reg[11][2] (.CK (clk), .D (\u_mem_mem[11] [2]),
                               |
xmelab: *E,CUVMUR (./code/output/synthesis_net.v,377|31): instance 'tb_risc_cpu.dut@risc_cpu<module>.\u_mem_mem_reg[11][2] ' of design unit 'SDFFQX1' is unresolved in 'worklib.risc_cpu:v'.
  SDFFQX1 \u_mem_mem_reg[11][3] (.CK (clk), .D (\u_mem_mem[11] [3]),
                               |
xmelab: *E,CUVMUR (./code/output/synthesis_net.v,379|31): instance 'tb_risc_cpu.dut@risc_cpu<module>.\u_mem_mem_reg[11][3] ' of design unit 'SDFFQX1' is unresolved in 'worklib.risc_cpu:v'.
  SDFFQX1 \u_mem_mem_reg[11][4] (.CK (clk), .D (\u_mem_mem[11] [4]),
                               |
xmelab: *E,CUVMUR (./code/output/synthesis_net.v,381|31): instance 'tb_risc_cpu.dut@risc_cpu<module>.\u_mem_mem_reg[11][4] ' of design unit 'SDFFQX1' is unresolved in 'worklib.risc_cpu:v'.
  SDFFQX1 \u_mem_mem_reg[11][5] (.CK (clk), .D (\u_mem_mem[11] [5]),
                               |
xmelab: *E,CUVMUR (./code/output/synthesis_net.v,383|31): instance 'tb_risc_cpu.dut@risc_cpu<module>.\u_mem_mem_reg[11][5] ' of design unit 'SDFFQX1' is unresolved in 'worklib.risc_cpu:v'.
  SDFFQX1 \u_mem_mem_reg[11][6] (.CK (clk), .D (\u_mem_mem[11] [6]),
                               |
xmelab: *E,CUVMUR (./code/output/synthesis_net.v,385|31): instance 'tb_risc_cpu.dut@risc_cpu<module>.\u_mem_mem_reg[11][6] ' of design unit 'SDFFQX1' is unresolved in 'worklib.risc_cpu:v'.
  SDFFQX1 \u_mem_mem_reg[11][7] (.CK (clk), .D (\u_mem_mem[11] [7]),
                               |
xmelab: *E,CUVMUR (./code/output/synthesis_net.v,387|31): instance 'tb_risc_cpu.dut@risc_cpu<module>.\u_mem_mem_reg[11][7] ' of design unit 'SDFFQX1' is unresolved in 'worklib.risc_cpu:v'.
  SDFFQX1 \u_mem_mem_reg[12][0] (.CK (clk), .D (n_33), .SI
                               |
xmelab: *E,CUVMUR (./code/output/synthesis_net.v,389|31): instance 'tb_risc_cpu.dut@risc_cpu<module>.\u_mem_mem_reg[12][0] ' of design unit 'SDFFQX1' is unresolved in 'worklib.risc_cpu:v'.
  SDFFQX1 \u_mem_mem_reg[12][1] (.CK (clk), .D (n_20), .SI
                               |
xmelab: *E,CUVMUR (./code/output/synthesis_net.v,391|31): instance 'tb_risc_cpu.dut@risc_cpu<module>.\u_mem_mem_reg[12][1] ' of design unit 'SDFFQX1' is unresolved in 'worklib.risc_cpu:v'.
  SDFFQX1 \u_mem_mem_reg[12][2] (.CK (clk), .D (n_38), .SI
                               |
xmelab: *E,CUVMUR (./code/output/synthesis_net.v,393|31): instance 'tb_risc_cpu.dut@risc_cpu<module>.\u_mem_mem_reg[12][2] ' of design unit 'SDFFQX1' is unresolved in 'worklib.risc_cpu:v'.
  SDFFQX1 \u_mem_mem_reg[12][3] (.CK (clk), .D (n_24), .SI
                               |
xmelab: *E,CUVMUR (./code/output/synthesis_net.v,395|31): instance 'tb_risc_cpu.dut@risc_cpu<module>.\u_mem_mem_reg[12][3] ' of design unit 'SDFFQX1' is unresolved in 'worklib.risc_cpu:v'.
  SDFFQX1 \u_mem_mem_reg[12][4] (.CK (clk), .D (n_18), .SI
                               |
xmelab: *E,CUVMUR (./code/output/synthesis_net.v,397|31): instance 'tb_risc_cpu.dut@risc_cpu<module>.\u_mem_mem_reg[12][4] ' of design unit 'SDFFQX1' is unresolved in 'worklib.risc_cpu:v'.
  SDFFQX1 \u_mem_mem_reg[12][5] (.CK (clk), .D (n_30), .SI
                               |
xmelab: *E,CUVMUR (./code/output/synthesis_net.v,399|31): instance 'tb_risc_cpu.dut@risc_cpu<module>.\u_mem_mem_reg[12][5] ' of design unit 'SDFFQX1' is unresolved in 'worklib.risc_cpu:v'.
  SDFFQX1 \u_mem_mem_reg[12][6] (.CK (clk), .D (n_14), .SI
                               |
xmelab: *E,CUVMUR (./code/output/synthesis_net.v,401|31): instance 'tb_risc_cpu.dut@risc_cpu<module>.\u_mem_mem_reg[12][6] ' of design unit 'SDFFQX1' is unresolved in 'worklib.risc_cpu:v'.
  SDFFQX1 \u_mem_mem_reg[12][7] (.CK (clk), .D (n_8), .SI
                               |
xmelab: *E,CUVMUR (./code/output/synthesis_net.v,403|31): instance 'tb_risc_cpu.dut@risc_cpu<module>.\u_mem_mem_reg[12][7] ' of design unit 'SDFFQX1' is unresolved in 'worklib.risc_cpu:v'.
  SDFFQX1 \u_mem_mem_reg[13][0] (.CK (clk), .D (data_bus[0]), .SI
                               |
xmelab: *E,CUVMUR (./code/output/synthesis_net.v,405|31): instance 'tb_risc_cpu.dut@risc_cpu<module>.\u_mem_mem_reg[13][0] ' of design unit 'SDFFQX1' is unresolved in 'worklib.risc_cpu:v'.
  SDFFQX1 \u_mem_mem_reg[13][1] (.CK (clk), .D (data_bus[1]), .SI
                               |
xmelab: *E,CUVMUR (./code/output/synthesis_net.v,407|31): instance 'tb_risc_cpu.dut@risc_cpu<module>.\u_mem_mem_reg[13][1] ' of design unit 'SDFFQX1' is unresolved in 'worklib.risc_cpu:v'.
  SDFFQX1 \u_mem_mem_reg[13][2] (.CK (clk), .D (n_37), .SI
                               |
xmelab: *E,CUVMUR (./code/output/synthesis_net.v,409|31): instance 'tb_risc_cpu.dut@risc_cpu<module>.\u_mem_mem_reg[13][2] ' of design unit 'SDFFQX1' is unresolved in 'worklib.risc_cpu:v'.
  SDFFQX1 \u_mem_mem_reg[13][3] (.CK (clk), .D (n_25), .SI
                               |
xmelab: *E,CUVMUR (./code/output/synthesis_net.v,411|31): instance 'tb_risc_cpu.dut@risc_cpu<module>.\u_mem_mem_reg[13][3] ' of design unit 'SDFFQX1' is unresolved in 'worklib.risc_cpu:v'.
  SDFFQX1 \u_mem_mem_reg[13][4] (.CK (clk), .D (n_17), .SI
                               |
xmelab: *E,CUVMUR (./code/output/synthesis_net.v,413|31): instance 'tb_risc_cpu.dut@risc_cpu<module>.\u_mem_mem_reg[13][4] ' of design unit 'SDFFQX1' is unresolved in 'worklib.risc_cpu:v'.
  SDFFQX1 \u_mem_mem_reg[13][5] (.CK (clk), .D (n_29), .SI
                               |
xmelab: *E,CUVMUR (./code/output/synthesis_net.v,415|31): instance 'tb_risc_cpu.dut@risc_cpu<module>.\u_mem_mem_reg[13][5] ' of design unit 'SDFFQX1' is unresolved in 'worklib.risc_cpu:v'.
  SDFFQX1 \u_mem_mem_reg[13][6] (.CK (clk), .D (n_13), .SI
                               |
xmelab: *E,CUVMUR (./code/output/synthesis_net.v,417|31): instance 'tb_risc_cpu.dut@risc_cpu<module>.\u_mem_mem_reg[13][6] ' of design unit 'SDFFQX1' is unresolved in 'worklib.risc_cpu:v'.
  SDFFQX1 \u_mem_mem_reg[13][7] (.CK (clk), .D (data_bus[7]), .SI
                               |
xmelab: *E,CUVMUR (./code/output/synthesis_net.v,419|31): instance 'tb_risc_cpu.dut@risc_cpu<module>.\u_mem_mem_reg[13][7] ' of design unit 'SDFFQX1' is unresolved in 'worklib.risc_cpu:v'.
  SDFFQX1 \u_mem_mem_reg[14][0] (.CK (clk), .D (n_32), .SI
                               |
xmelab: *E,CUVMUR (./code/output/synthesis_net.v,421|31): instance 'tb_risc_cpu.dut@risc_cpu<module>.\u_mem_mem_reg[14][0] ' of design unit 'SDFFQX1' is unresolved in 'worklib.risc_cpu:v'.
  SDFFQX1 \u_mem_mem_reg[14][1] (.CK (clk), .D (n_22), .SI
                               |
xmelab: *E,CUVMUR (./code/output/synthesis_net.v,423|31): instance 'tb_risc_cpu.dut@risc_cpu<module>.\u_mem_mem_reg[14][1] ' of design unit 'SDFFQX1' is unresolved in 'worklib.risc_cpu:v'.
  SDFFQX1 \u_mem_mem_reg[14][2] (.CK (clk), .D (data_bus[2]), .SI
                               |
xmelab: *E,CUVMUR (./code/output/synthesis_net.v,425|31): instance 'tb_risc_cpu.dut@risc_cpu<module>.\u_mem_mem_reg[14][2] ' of design unit 'SDFFQX1' is unresolved in 'worklib.risc_cpu:v'.
  SDFFQX1 \u_mem_mem_reg[14][3] (.CK (clk), .D (data_bus[3]), .SI
                               |
xmelab: *E,CUVMUR (./code/output/synthesis_net.v,427|31): instance 'tb_risc_cpu.dut@risc_cpu<module>.\u_mem_mem_reg[14][3] ' of design unit 'SDFFQX1' is unresolved in 'worklib.risc_cpu:v'.
  SDFFQX1 \u_mem_mem_reg[14][4] (.CK (clk), .D (data_bus[4]), .SI
                               |
xmelab: *E,CUVMUR (./code/output/synthesis_net.v,429|31): instance 'tb_risc_cpu.dut@risc_cpu<module>.\u_mem_mem_reg[14][4] ' of design unit 'SDFFQX1' is unresolved in 'worklib.risc_cpu:v'.
  SDFFQX1 \u_mem_mem_reg[14][5] (.CK (clk), .D (data_bus[5]), .SI
                               |
xmelab: *E,CUVMUR (./code/output/synthesis_net.v,431|31): instance 'tb_risc_cpu.dut@risc_cpu<module>.\u_mem_mem_reg[14][5] ' of design unit 'SDFFQX1' is unresolved in 'worklib.risc_cpu:v'.
  SDFFQX1 \u_mem_mem_reg[14][6] (.CK (clk), .D (n_12), .SI
                               |
xmelab: *E,CUVMUR (./code/output/synthesis_net.v,433|31): instance 'tb_risc_cpu.dut@risc_cpu<module>.\u_mem_mem_reg[14][6] ' of design unit 'SDFFQX1' is unresolved in 'worklib.risc_cpu:v'.
  SDFFQX1 \u_mem_mem_reg[14][7] (.CK (clk), .D (data_bus[7]), .SI
                               |
xmelab: *E,CUVMUR (./code/output/synthesis_net.v,435|31): instance 'tb_risc_cpu.dut@risc_cpu<module>.\u_mem_mem_reg[14][7] ' of design unit 'SDFFQX1' is unresolved in 'worklib.risc_cpu:v'.
  SDFFQX1 \u_mem_mem_reg[15][0] (.CK (clk), .D (\u_mem_mem[15] [0]),
                               |
xmelab: *E,CUVMUR (./code/output/synthesis_net.v,437|31): instance 'tb_risc_cpu.dut@risc_cpu<module>.\u_mem_mem_reg[15][0] ' of design unit 'SDFFQX1' is unresolved in 'worklib.risc_cpu:v'.
  SDFFQX1 \u_mem_mem_reg[15][1] (.CK (clk), .D (\u_mem_mem[15] [1]),
                               |
xmelab: *E,CUVMUR (./code/output/synthesis_net.v,439|31): instance 'tb_risc_cpu.dut@risc_cpu<module>.\u_mem_mem_reg[15][1] ' of design unit 'SDFFQX1' is unresolved in 'worklib.risc_cpu:v'.
  SDFFQX1 \u_mem_mem_reg[15][2] (.CK (clk), .D (\u_mem_mem[15] [2]),
                               |
xmelab: *E,CUVMUR (./code/output/synthesis_net.v,441|31): instance 'tb_risc_cpu.dut@risc_cpu<module>.\u_mem_mem_reg[15][2] ' of design unit 'SDFFQX1' is unresolved in 'worklib.risc_cpu:v'.
  SDFFQX1 \u_mem_mem_reg[15][3] (.CK (clk), .D (\u_mem_mem[15] [3]),
                               |
xmelab: *E,CUVMUR (./code/output/synthesis_net.v,443|31): instance 'tb_risc_cpu.dut@risc_cpu<module>.\u_mem_mem_reg[15][3] ' of design unit 'SDFFQX1' is unresolved in 'worklib.risc_cpu:v'.
  SDFFQX1 \u_mem_mem_reg[15][4] (.CK (clk), .D (\u_mem_mem[15] [4]),
                               |
xmelab: *E,CUVMUR (./code/output/synthesis_net.v,445|31): instance 'tb_risc_cpu.dut@risc_cpu<module>.\u_mem_mem_reg[15][4] ' of design unit 'SDFFQX1' is unresolved in 'worklib.risc_cpu:v'.
  SDFFQX1 \u_mem_mem_reg[15][5] (.CK (clk), .D (\u_mem_mem[15] [5]),
                               |
xmelab: *E,CUVMUR (./code/output/synthesis_net.v,447|31): instance 'tb_risc_cpu.dut@risc_cpu<module>.\u_mem_mem_reg[15][5] ' of design unit 'SDFFQX1' is unresolved in 'worklib.risc_cpu:v'.
  SDFFQX1 \u_mem_mem_reg[15][6] (.CK (clk), .D (\u_mem_mem[15] [6]),
                               |
xmelab: *E,CUVMUR (./code/output/synthesis_net.v,449|31): instance 'tb_risc_cpu.dut@risc_cpu<module>.\u_mem_mem_reg[15][6] ' of design unit 'SDFFQX1' is unresolved in 'worklib.risc_cpu:v'.
  SDFFQX1 \u_mem_mem_reg[15][7] (.CK (clk), .D (\u_mem_mem[15] [7]),
                               |
xmelab: *E,CUVMUR (./code/output/synthesis_net.v,451|31): instance 'tb_risc_cpu.dut@risc_cpu<module>.\u_mem_mem_reg[15][7] ' of design unit 'SDFFQX1' is unresolved in 'worklib.risc_cpu:v'.
  SDFFQX1 \u_mem_mem_reg[16][0] (.CK (clk), .D (n_34), .SI
                               |
xmelab: *E,CUVMUR (./code/output/synthesis_net.v,453|31): instance 'tb_risc_cpu.dut@risc_cpu<module>.\u_mem_mem_reg[16][0] ' of design unit 'SDFFQX1' is unresolved in 'worklib.risc_cpu:v'.
  SDFFQX1 \u_mem_mem_reg[16][1] (.CK (clk), .D (n_20), .SI
                               |
xmelab: *E,CUVMUR (./code/output/synthesis_net.v,455|31): instance 'tb_risc_cpu.dut@risc_cpu<module>.\u_mem_mem_reg[16][1] ' of design unit 'SDFFQX1' is unresolved in 'worklib.risc_cpu:v'.
  SDFFQX1 \u_mem_mem_reg[16][2] (.CK (clk), .D (n_36), .SI
                               |
xmelab: *E,CUVMUR (./code/output/synthesis_net.v,457|31): instance 'tb_risc_cpu.dut@risc_cpu<module>.\u_mem_mem_reg[16][2] ' of design unit 'SDFFQX1' is unresolved in 'worklib.risc_cpu:v'.
  SDFFQX1 \u_mem_mem_reg[16][3] (.CK (clk), .D (n_25), .SI
                               |
xmelab: *E,CUVMUR (./code/output/synthesis_net.v,459|31): instance 'tb_risc_cpu.dut@risc_cpu<module>.\u_mem_mem_reg[16][3] ' of design unit 'SDFFQX1' is unresolved in 'worklib.risc_cpu:v'.
  SDFFQX1 \u_mem_mem_reg[16][4] (.CK (clk), .D (n_17), .SI
                               |
xmelab: *E,CUVMUR (./code/output/synthesis_net.v,461|31): instance 'tb_risc_cpu.dut@risc_cpu<module>.\u_mem_mem_reg[16][4] ' of design unit 'SDFFQX1' is unresolved in 'worklib.risc_cpu:v'.
  SDFFQX1 \u_mem_mem_reg[16][5] (.CK (clk), .D (n_28), .SI
                               |
xmelab: *E,CUVMUR (./code/output/synthesis_net.v,463|31): instance 'tb_risc_cpu.dut@risc_cpu<module>.\u_mem_mem_reg[16][5] ' of design unit 'SDFFQX1' is unresolved in 'worklib.risc_cpu:v'.
  SDFFQX1 \u_mem_mem_reg[16][6] (.CK (clk), .D (n_13), .SI
                               |
xmelab: *E,CUVMUR (./code/output/synthesis_net.v,465|31): instance 'tb_risc_cpu.dut@risc_cpu<module>.\u_mem_mem_reg[16][6] ' of design unit 'SDFFQX1' is unresolved in 'worklib.risc_cpu:v'.
  SDFFQX1 \u_mem_mem_reg[16][7] (.CK (clk), .D (data_bus[7]), .SI
                               |
xmelab: *E,CUVMUR (./code/output/synthesis_net.v,467|31): instance 'tb_risc_cpu.dut@risc_cpu<module>.\u_mem_mem_reg[16][7] ' of design unit 'SDFFQX1' is unresolved in 'worklib.risc_cpu:v'.
  SDFFQX1 \u_mem_mem_reg[17][0] (.CK (clk), .D (\u_mem_mem[17] [0]),
                               |
xmelab: *E,CUVMUR (./code/output/synthesis_net.v,469|31): instance 'tb_risc_cpu.dut@risc_cpu<module>.\u_mem_mem_reg[17][0] ' of design unit 'SDFFQX1' is unresolved in 'worklib.risc_cpu:v'.
  SDFFQX1 \u_mem_mem_reg[17][1] (.CK (clk), .D (\u_mem_mem[17] [1]),
                               |
xmelab: *E,CUVMUR (./code/output/synthesis_net.v,471|31): instance 'tb_risc_cpu.dut@risc_cpu<module>.\u_mem_mem_reg[17][1] ' of design unit 'SDFFQX1' is unresolved in 'worklib.risc_cpu:v'.
  SDFFQX1 \u_mem_mem_reg[17][2] (.CK (clk), .D (\u_mem_mem[17] [2]),
                               |
xmelab: *E,CUVMUR (./code/output/synthesis_net.v,473|31): instance 'tb_risc_cpu.dut@risc_cpu<module>.\u_mem_mem_reg[17][2] ' of design unit 'SDFFQX1' is unresolved in 'worklib.risc_cpu:v'.
  SDFFQX1 \u_mem_mem_reg[17][3] (.CK (clk), .D (\u_mem_mem[17] [3]),
                               |
xmelab: *E,CUVMUR (./code/output/synthesis_net.v,475|31): instance 'tb_risc_cpu.dut@risc_cpu<module>.\u_mem_mem_reg[17][3] ' of design unit 'SDFFQX1' is unresolved in 'worklib.risc_cpu:v'.
  SDFFQX1 \u_mem_mem_reg[17][4] (.CK (clk), .D (\u_mem_mem[17] [4]),
                               |
xmelab: *E,CUVMUR (./code/output/synthesis_net.v,477|31): instance 'tb_risc_cpu.dut@risc_cpu<module>.\u_mem_mem_reg[17][4] ' of design unit 'SDFFQX1' is unresolved in 'worklib.risc_cpu:v'.
  SDFFQX1 \u_mem_mem_reg[17][5] (.CK (clk), .D (\u_mem_mem[17] [5]),
                               |
xmelab: *E,CUVMUR (./code/output/synthesis_net.v,479|31): instance 'tb_risc_cpu.dut@risc_cpu<module>.\u_mem_mem_reg[17][5] ' of design unit 'SDFFQX1' is unresolved in 'worklib.risc_cpu:v'.
  SDFFQX1 \u_mem_mem_reg[17][6] (.CK (clk), .D (\u_mem_mem[17] [6]),
                               |
xmelab: *E,CUVMUR (./code/output/synthesis_net.v,481|31): instance 'tb_risc_cpu.dut@risc_cpu<module>.\u_mem_mem_reg[17][6] ' of design unit 'SDFFQX1' is unresolved in 'worklib.risc_cpu:v'.
  SDFFQX1 \u_mem_mem_reg[17][7] (.CK (clk), .D (\u_mem_mem[17] [7]),
                               |
xmelab: *E,CUVMUR (./code/output/synthesis_net.v,483|31): instance 'tb_risc_cpu.dut@risc_cpu<module>.\u_mem_mem_reg[17][7] ' of design unit 'SDFFQX1' is unresolved in 'worklib.risc_cpu:v'.
  SDFFQX1 \u_mem_mem_reg[18][0] (.CK (clk), .D (\u_mem_mem[18] [0]),
                               |
xmelab: *E,CUVMUR (./code/output/synthesis_net.v,485|31): instance 'tb_risc_cpu.dut@risc_cpu<module>.\u_mem_mem_reg[18][0] ' of design unit 'SDFFQX1' is unresolved in 'worklib.risc_cpu:v'.
  SDFFQX1 \u_mem_mem_reg[18][1] (.CK (clk), .D (\u_mem_mem[18] [1]),
                               |
xmelab: *E,CUVMUR (./code/output/synthesis_net.v,487|31): instance 'tb_risc_cpu.dut@risc_cpu<module>.\u_mem_mem_reg[18][1] ' of design unit 'SDFFQX1' is unresolved in 'worklib.risc_cpu:v'.
  SDFFQX1 \u_mem_mem_reg[18][2] (.CK (clk), .D (\u_mem_mem[18] [2]),
                               |
xmelab: *E,CUVMUR (./code/output/synthesis_net.v,489|31): instance 'tb_risc_cpu.dut@risc_cpu<module>.\u_mem_mem_reg[18][2] ' of design unit 'SDFFQX1' is unresolved in 'worklib.risc_cpu:v'.
  SDFFQX1 \u_mem_mem_reg[18][3] (.CK (clk), .D (\u_mem_mem[18] [3]),
                               |
xmelab: *E,CUVMUR (./code/output/synthesis_net.v,491|31): instance 'tb_risc_cpu.dut@risc_cpu<module>.\u_mem_mem_reg[18][3] ' of design unit 'SDFFQX1' is unresolved in 'worklib.risc_cpu:v'.
  SDFFQX1 \u_mem_mem_reg[18][4] (.CK (clk), .D (\u_mem_mem[18] [4]),
                               |
xmelab: *E,CUVMUR (./code/output/synthesis_net.v,493|31): instance 'tb_risc_cpu.dut@risc_cpu<module>.\u_mem_mem_reg[18][4] ' of design unit 'SDFFQX1' is unresolved in 'worklib.risc_cpu:v'.
  SDFFQX1 \u_mem_mem_reg[18][5] (.CK (clk), .D (\u_mem_mem[18] [5]),
                               |
xmelab: *E,CUVMUR (./code/output/synthesis_net.v,495|31): instance 'tb_risc_cpu.dut@risc_cpu<module>.\u_mem_mem_reg[18][5] ' of design unit 'SDFFQX1' is unresolved in 'worklib.risc_cpu:v'.
  SDFFQX1 \u_mem_mem_reg[18][6] (.CK (clk), .D (\u_mem_mem[18] [6]),
                               |
xmelab: *E,CUVMUR (./code/output/synthesis_net.v,497|31): instance 'tb_risc_cpu.dut@risc_cpu<module>.\u_mem_mem_reg[18][6] ' of design unit 'SDFFQX1' is unresolved in 'worklib.risc_cpu:v'.
  SDFFQX1 \u_mem_mem_reg[18][7] (.CK (clk), .D (\u_mem_mem[18] [7]),
                               |
xmelab: *E,CUVMUR (./code/output/synthesis_net.v,499|31): instance 'tb_risc_cpu.dut@risc_cpu<module>.\u_mem_mem_reg[18][7] ' of design unit 'SDFFQX1' is unresolved in 'worklib.risc_cpu:v'.
  SDFFQX1 \u_mem_mem_reg[19][0] (.CK (clk), .D (\u_mem_mem[19] [0]),
                               |
xmelab: *E,CUVMUR (./code/output/synthesis_net.v,501|31): instance 'tb_risc_cpu.dut@risc_cpu<module>.\u_mem_mem_reg[19][0] ' of design unit 'SDFFQX1' is unresolved in 'worklib.risc_cpu:v'.
  SDFFQX1 \u_mem_mem_reg[19][1] (.CK (clk), .D (\u_mem_mem[19] [1]),
                               |
xmelab: *E,CUVMUR (./code/output/synthesis_net.v,503|31): instance 'tb_risc_cpu.dut@risc_cpu<module>.\u_mem_mem_reg[19][1] ' of design unit 'SDFFQX1' is unresolved in 'worklib.risc_cpu:v'.
  SDFFQX1 \u_mem_mem_reg[19][2] (.CK (clk), .D (\u_mem_mem[19] [2]),
                               |
xmelab: *E,CUVMUR (./code/output/synthesis_net.v,505|31): instance 'tb_risc_cpu.dut@risc_cpu<module>.\u_mem_mem_reg[19][2] ' of design unit 'SDFFQX1' is unresolved in 'worklib.risc_cpu:v'.
  SDFFQX1 \u_mem_mem_reg[19][3] (.CK (clk), .D (\u_mem_mem[19] [3]),
                               |
xmelab: *E,CUVMUR (./code/output/synthesis_net.v,507|31): instance 'tb_risc_cpu.dut@risc_cpu<module>.\u_mem_mem_reg[19][3] ' of design unit 'SDFFQX1' is unresolved in 'worklib.risc_cpu:v'.
  SDFFQX1 \u_mem_mem_reg[19][4] (.CK (clk), .D (\u_mem_mem[19] [4]),
                               |
xmelab: *E,CUVMUR (./code/output/synthesis_net.v,509|31): instance 'tb_risc_cpu.dut@risc_cpu<module>.\u_mem_mem_reg[19][4] ' of design unit 'SDFFQX1' is unresolved in 'worklib.risc_cpu:v'.
  SDFFQX1 \u_mem_mem_reg[19][5] (.CK (clk), .D (\u_mem_mem[19] [5]),
                               |
xmelab: *E,CUVMUR (./code/output/synthesis_net.v,511|31): instance 'tb_risc_cpu.dut@risc_cpu<module>.\u_mem_mem_reg[19][5] ' of design unit 'SDFFQX1' is unresolved in 'worklib.risc_cpu:v'.
  SDFFQX1 \u_mem_mem_reg[19][6] (.CK (clk), .D (\u_mem_mem[19] [6]),
                               |
xmelab: *E,CUVMUR (./code/output/synthesis_net.v,513|31): instance 'tb_risc_cpu.dut@risc_cpu<module>.\u_mem_mem_reg[19][6] ' of design unit 'SDFFQX1' is unresolved in 'worklib.risc_cpu:v'.
  SDFFQX1 \u_mem_mem_reg[19][7] (.CK (clk), .D (\u_mem_mem[19] [7]),
                               |
xmelab: *E,CUVMUR (./code/output/synthesis_net.v,515|31): instance 'tb_risc_cpu.dut@risc_cpu<module>.\u_mem_mem_reg[19][7] ' of design unit 'SDFFQX1' is unresolved in 'worklib.risc_cpu:v'.
  SDFFQX1 \u_mem_mem_reg[20][0] (.CK (clk), .D (\u_mem_mem[20] [0]),
                               |
xmelab: *E,CUVMUR (./code/output/synthesis_net.v,517|31): instance 'tb_risc_cpu.dut@risc_cpu<module>.\u_mem_mem_reg[20][0] ' of design unit 'SDFFQX1' is unresolved in 'worklib.risc_cpu:v'.
  SDFFQX1 \u_mem_mem_reg[20][1] (.CK (clk), .D (\u_mem_mem[20] [1]),
                               |
xmelab: *E,CUVMUR (./code/output/synthesis_net.v,519|31): instance 'tb_risc_cpu.dut@risc_cpu<module>.\u_mem_mem_reg[20][1] ' of design unit 'SDFFQX1' is unresolved in 'worklib.risc_cpu:v'.
  SDFFQX1 \u_mem_mem_reg[20][2] (.CK (clk), .D (\u_mem_mem[20] [2]),
                               |
xmelab: *E,CUVMUR (./code/output/synthesis_net.v,521|31): instance 'tb_risc_cpu.dut@risc_cpu<module>.\u_mem_mem_reg[20][2] ' of design unit 'SDFFQX1' is unresolved in 'worklib.risc_cpu:v'.
  SDFFQX1 \u_mem_mem_reg[20][3] (.CK (clk), .D (\u_mem_mem[20] [3]),
                               |
xmelab: *E,CUVMUR (./code/output/synthesis_net.v,523|31): instance 'tb_risc_cpu.dut@risc_cpu<module>.\u_mem_mem_reg[20][3] ' of design unit 'SDFFQX1' is unresolved in 'worklib.risc_cpu:v'.
  SDFFQX1 \u_mem_mem_reg[20][4] (.CK (clk), .D (\u_mem_mem[20] [4]),
                               |
xmelab: *E,CUVMUR (./code/output/synthesis_net.v,525|31): instance 'tb_risc_cpu.dut@risc_cpu<module>.\u_mem_mem_reg[20][4] ' of design unit 'SDFFQX1' is unresolved in 'worklib.risc_cpu:v'.
  SDFFQX1 \u_mem_mem_reg[20][5] (.CK (clk), .D (\u_mem_mem[20] [5]),
                               |
xmelab: *E,CUVMUR (./code/output/synthesis_net.v,527|31): instance 'tb_risc_cpu.dut@risc_cpu<module>.\u_mem_mem_reg[20][5] ' of design unit 'SDFFQX1' is unresolved in 'worklib.risc_cpu:v'.
  SDFFQX1 \u_mem_mem_reg[20][6] (.CK (clk), .D (\u_mem_mem[20] [6]),
                               |
xmelab: *E,CUVMUR (./code/output/synthesis_net.v,529|31): instance 'tb_risc_cpu.dut@risc_cpu<module>.\u_mem_mem_reg[20][6] ' of design unit 'SDFFQX1' is unresolved in 'worklib.risc_cpu:v'.
  SDFFQX1 \u_mem_mem_reg[20][7] (.CK (clk), .D (\u_mem_mem[20] [7]),
                               |
xmelab: *E,CUVMUR (./code/output/synthesis_net.v,531|31): instance 'tb_risc_cpu.dut@risc_cpu<module>.\u_mem_mem_reg[20][7] ' of design unit 'SDFFQX1' is unresolved in 'worklib.risc_cpu:v'.
  SDFFQX1 \u_mem_mem_reg[21][0] (.CK (clk), .D (\u_mem_mem[21] [0]),
                               |
xmelab: *E,CUVMUR (./code/output/synthesis_net.v,533|31): instance 'tb_risc_cpu.dut@risc_cpu<module>.\u_mem_mem_reg[21][0] ' of design unit 'SDFFQX1' is unresolved in 'worklib.risc_cpu:v'.
  SDFFQX1 \u_mem_mem_reg[21][1] (.CK (clk), .D (\u_mem_mem[21] [1]),
                               |
xmelab: *E,CUVMUR (./code/output/synthesis_net.v,535|31): instance 'tb_risc_cpu.dut@risc_cpu<module>.\u_mem_mem_reg[21][1] ' of design unit 'SDFFQX1' is unresolved in 'worklib.risc_cpu:v'.
  SDFFQX1 \u_mem_mem_reg[21][2] (.CK (clk), .D (\u_mem_mem[21] [2]),
                               |
xmelab: *E,CUVMUR (./code/output/synthesis_net.v,537|31): instance 'tb_risc_cpu.dut@risc_cpu<module>.\u_mem_mem_reg[21][2] ' of design unit 'SDFFQX1' is unresolved in 'worklib.risc_cpu:v'.
  SDFFQX1 \u_mem_mem_reg[21][3] (.CK (clk), .D (\u_mem_mem[21] [3]),
                               |
xmelab: *E,CUVMUR (./code/output/synthesis_net.v,539|31): instance 'tb_risc_cpu.dut@risc_cpu<module>.\u_mem_mem_reg[21][3] ' of design unit 'SDFFQX1' is unresolved in 'worklib.risc_cpu:v'.
  SDFFQX1 \u_mem_mem_reg[21][4] (.CK (clk), .D (\u_mem_mem[21] [4]),
                               |
xmelab: *E,CUVMUR (./code/output/synthesis_net.v,541|31): instance 'tb_risc_cpu.dut@risc_cpu<module>.\u_mem_mem_reg[21][4] ' of design unit 'SDFFQX1' is unresolved in 'worklib.risc_cpu:v'.
  SDFFQX1 \u_mem_mem_reg[21][5] (.CK (clk), .D (\u_mem_mem[21] [5]),
                               |
xmelab: *E,CUVMUR (./code/output/synthesis_net.v,543|31): instance 'tb_risc_cpu.dut@risc_cpu<module>.\u_mem_mem_reg[21][5] ' of design unit 'SDFFQX1' is unresolved in 'worklib.risc_cpu:v'.
  SDFFQX1 \u_mem_mem_reg[21][6] (.CK (clk), .D (\u_mem_mem[21] [6]),
                               |
xmelab: *E,CUVMUR (./code/output/synthesis_net.v,545|31): instance 'tb_risc_cpu.dut@risc_cpu<module>.\u_mem_mem_reg[21][6] ' of design unit 'SDFFQX1' is unresolved in 'worklib.risc_cpu:v'.
  SDFFQX1 \u_mem_mem_reg[21][7] (.CK (clk), .D (\u_mem_mem[21] [7]),
                               |
xmelab: *E,CUVMUR (./code/output/synthesis_net.v,547|31): instance 'tb_risc_cpu.dut@risc_cpu<module>.\u_mem_mem_reg[21][7] ' of design unit 'SDFFQX1' is unresolved in 'worklib.risc_cpu:v'.
  SDFFQX1 \u_mem_mem_reg[22][0] (.CK (clk), .D (\u_mem_mem[22] [0]),
                               |
xmelab: *E,CUVMUR (./code/output/synthesis_net.v,549|31): instance 'tb_risc_cpu.dut@risc_cpu<module>.\u_mem_mem_reg[22][0] ' of design unit 'SDFFQX1' is unresolved in 'worklib.risc_cpu:v'.
  SDFFQX1 \u_mem_mem_reg[22][1] (.CK (clk), .D (\u_mem_mem[22] [1]),
                               |
xmelab: *E,CUVMUR (./code/output/synthesis_net.v,551|31): instance 'tb_risc_cpu.dut@risc_cpu<module>.\u_mem_mem_reg[22][1] ' of design unit 'SDFFQX1' is unresolved in 'worklib.risc_cpu:v'.
  SDFFQX1 \u_mem_mem_reg[22][2] (.CK (clk), .D (\u_mem_mem[22] [2]),
                               |
xmelab: *E,CUVMUR (./code/output/synthesis_net.v,553|31): instance 'tb_risc_cpu.dut@risc_cpu<module>.\u_mem_mem_reg[22][2] ' of design unit 'SDFFQX1' is unresolved in 'worklib.risc_cpu:v'.
  SDFFQX1 \u_mem_mem_reg[22][3] (.CK (clk), .D (\u_mem_mem[22] [3]),
                               |
xmelab: *E,CUVMUR (./code/output/synthesis_net.v,555|31): instance 'tb_risc_cpu.dut@risc_cpu<module>.\u_mem_mem_reg[22][3] ' of design unit 'SDFFQX1' is unresolved in 'worklib.risc_cpu:v'.
  SDFFQX1 \u_mem_mem_reg[22][4] (.CK (clk), .D (\u_mem_mem[22] [4]),
                               |
xmelab: *E,CUVMUR (./code/output/synthesis_net.v,557|31): instance 'tb_risc_cpu.dut@risc_cpu<module>.\u_mem_mem_reg[22][4] ' of design unit 'SDFFQX1' is unresolved in 'worklib.risc_cpu:v'.
  SDFFQX1 \u_mem_mem_reg[22][5] (.CK (clk), .D (\u_mem_mem[22] [5]),
                               |
xmelab: *E,CUVMUR (./code/output/synthesis_net.v,559|31): instance 'tb_risc_cpu.dut@risc_cpu<module>.\u_mem_mem_reg[22][5] ' of design unit 'SDFFQX1' is unresolved in 'worklib.risc_cpu:v'.
  SDFFQX1 \u_mem_mem_reg[22][6] (.CK (clk), .D (\u_mem_mem[22] [6]),
                               |
xmelab: *E,CUVMUR (./code/output/synthesis_net.v,561|31): instance 'tb_risc_cpu.dut@risc_cpu<module>.\u_mem_mem_reg[22][6] ' of design unit 'SDFFQX1' is unresolved in 'worklib.risc_cpu:v'.
  SDFFQX1 \u_mem_mem_reg[22][7] (.CK (clk), .D (\u_mem_mem[22] [7]),
                               |
xmelab: *E,CUVMUR (./code/output/synthesis_net.v,563|31): instance 'tb_risc_cpu.dut@risc_cpu<module>.\u_mem_mem_reg[22][7] ' of design unit 'SDFFQX1' is unresolved in 'worklib.risc_cpu:v'.
  SDFFQX1 \u_mem_mem_reg[23][0] (.CK (clk), .D (\u_mem_mem[23] [0]),
                               |
xmelab: *E,CUVMUR (./code/output/synthesis_net.v,565|31): instance 'tb_risc_cpu.dut@risc_cpu<module>.\u_mem_mem_reg[23][0] ' of design unit 'SDFFQX1' is unresolved in 'worklib.risc_cpu:v'.
  SDFFQX1 \u_mem_mem_reg[23][1] (.CK (clk), .D (\u_mem_mem[23] [1]),
                               |
xmelab: *E,CUVMUR (./code/output/synthesis_net.v,567|31): instance 'tb_risc_cpu.dut@risc_cpu<module>.\u_mem_mem_reg[23][1] ' of design unit 'SDFFQX1' is unresolved in 'worklib.risc_cpu:v'.
  SDFFQX1 \u_mem_mem_reg[23][2] (.CK (clk), .D (\u_mem_mem[23] [2]),
                               |
xmelab: *E,CUVMUR (./code/output/synthesis_net.v,569|31): instance 'tb_risc_cpu.dut@risc_cpu<module>.\u_mem_mem_reg[23][2] ' of design unit 'SDFFQX1' is unresolved in 'worklib.risc_cpu:v'.
  SDFFQX1 \u_mem_mem_reg[23][3] (.CK (clk), .D (\u_mem_mem[23] [3]),
                               |
xmelab: *E,CUVMUR (./code/output/synthesis_net.v,571|31): instance 'tb_risc_cpu.dut@risc_cpu<module>.\u_mem_mem_reg[23][3] ' of design unit 'SDFFQX1' is unresolved in 'worklib.risc_cpu:v'.
  SDFFQX1 \u_mem_mem_reg[23][4] (.CK (clk), .D (\u_mem_mem[23] [4]),
                               |
xmelab: *E,CUVMUR (./code/output/synthesis_net.v,573|31): instance 'tb_risc_cpu.dut@risc_cpu<module>.\u_mem_mem_reg[23][4] ' of design unit 'SDFFQX1' is unresolved in 'worklib.risc_cpu:v'.
  SDFFQX1 \u_mem_mem_reg[23][5] (.CK (clk), .D (\u_mem_mem[23] [5]),
                               |
xmelab: *E,CUVMUR (./code/output/synthesis_net.v,575|31): instance 'tb_risc_cpu.dut@risc_cpu<module>.\u_mem_mem_reg[23][5] ' of design unit 'SDFFQX1' is unresolved in 'worklib.risc_cpu:v'.
  SDFFQX1 \u_mem_mem_reg[23][6] (.CK (clk), .D (\u_mem_mem[23] [6]),
                               |
xmelab: *E,CUVMUR (./code/output/synthesis_net.v,577|31): instance 'tb_risc_cpu.dut@risc_cpu<module>.\u_mem_mem_reg[23][6] ' of design unit 'SDFFQX1' is unresolved in 'worklib.risc_cpu:v'.
  SDFFQX1 \u_mem_mem_reg[23][7] (.CK (clk), .D (\u_mem_mem[23] [7]),
                               |
xmelab: *E,CUVMUR (./code/output/synthesis_net.v,579|31): instance 'tb_risc_cpu.dut@risc_cpu<module>.\u_mem_mem_reg[23][7] ' of design unit 'SDFFQX1' is unresolved in 'worklib.risc_cpu:v'.
  SDFFQX1 \u_mem_mem_reg[24][0] (.CK (clk), .D (data_bus[0]), .SI
                               |
xmelab: *E,CUVMUR (./code/output/synthesis_net.v,581|31): instance 'tb_risc_cpu.dut@risc_cpu<module>.\u_mem_mem_reg[24][0] ' of design unit 'SDFFQX1' is unresolved in 'worklib.risc_cpu:v'.
  SDFFQX1 \u_mem_mem_reg[24][1] (.CK (clk), .D (data_bus[1]), .SI
                               |
xmelab: *E,CUVMUR (./code/output/synthesis_net.v,583|31): instance 'tb_risc_cpu.dut@risc_cpu<module>.\u_mem_mem_reg[24][1] ' of design unit 'SDFFQX1' is unresolved in 'worklib.risc_cpu:v'.
  SDFFQX1 \u_mem_mem_reg[24][2] (.CK (clk), .D (n_37), .SI
                               |
xmelab: *E,CUVMUR (./code/output/synthesis_net.v,585|31): instance 'tb_risc_cpu.dut@risc_cpu<module>.\u_mem_mem_reg[24][2] ' of design unit 'SDFFQX1' is unresolved in 'worklib.risc_cpu:v'.
  SDFFQX1 \u_mem_mem_reg[24][3] (.CK (clk), .D (n_26), .SI
                               |
xmelab: *E,CUVMUR (./code/output/synthesis_net.v,587|31): instance 'tb_risc_cpu.dut@risc_cpu<module>.\u_mem_mem_reg[24][3] ' of design unit 'SDFFQX1' is unresolved in 'worklib.risc_cpu:v'.
  SDFFQX1 \u_mem_mem_reg[24][4] (.CK (clk), .D (n_16), .SI
                               |
xmelab: *E,CUVMUR (./code/output/synthesis_net.v,589|31): instance 'tb_risc_cpu.dut@risc_cpu<module>.\u_mem_mem_reg[24][4] ' of design unit 'SDFFQX1' is unresolved in 'worklib.risc_cpu:v'.
  SDFFQX1 \u_mem_mem_reg[24][5] (.CK (clk), .D (n_28), .SI
                               |
xmelab: *E,CUVMUR (./code/output/synthesis_net.v,591|31): instance 'tb_risc_cpu.dut@risc_cpu<module>.\u_mem_mem_reg[24][5] ' of design unit 'SDFFQX1' is unresolved in 'worklib.risc_cpu:v'.
  SDFFQX1 \u_mem_mem_reg[24][6] (.CK (clk), .D (n_12), .SI
                               |
xmelab: *E,CUVMUR (./code/output/synthesis_net.v,593|31): instance 'tb_risc_cpu.dut@risc_cpu<module>.\u_mem_mem_reg[24][6] ' of design unit 'SDFFQX1' is unresolved in 'worklib.risc_cpu:v'.
  SDFFQX1 \u_mem_mem_reg[24][7] (.CK (clk), .D (n_9), .SI
                               |
xmelab: *E,CUVMUR (./code/output/synthesis_net.v,595|31): instance 'tb_risc_cpu.dut@risc_cpu<module>.\u_mem_mem_reg[24][7] ' of design unit 'SDFFQX1' is unresolved in 'worklib.risc_cpu:v'.
  SDFFQX1 \u_mem_mem_reg[25][0] (.CK (clk), .D (n_34), .SI
                               |
xmelab: *E,CUVMUR (./code/output/synthesis_net.v,597|31): instance 'tb_risc_cpu.dut@risc_cpu<module>.\u_mem_mem_reg[25][0] ' of design unit 'SDFFQX1' is unresolved in 'worklib.risc_cpu:v'.
  SDFFQX1 \u_mem_mem_reg[25][1] (.CK (clk), .D (n_21), .SI
                               |
xmelab: *E,CUVMUR (./code/output/synthesis_net.v,599|31): instance 'tb_risc_cpu.dut@risc_cpu<module>.\u_mem_mem_reg[25][1] ' of design unit 'SDFFQX1' is unresolved in 'worklib.risc_cpu:v'.
  SDFFQX1 \u_mem_mem_reg[25][2] (.CK (clk), .D (n_36), .SI
                               |
xmelab: *E,CUVMUR (./code/output/synthesis_net.v,601|31): instance 'tb_risc_cpu.dut@risc_cpu<module>.\u_mem_mem_reg[25][2] ' of design unit 'SDFFQX1' is unresolved in 'worklib.risc_cpu:v'.
  SDFFQX1 \u_mem_mem_reg[25][3] (.CK (clk), .D (n_26), .SI
                               |
xmelab: *E,CUVMUR (./code/output/synthesis_net.v,603|31): instance 'tb_risc_cpu.dut@risc_cpu<module>.\u_mem_mem_reg[25][3] ' of design unit 'SDFFQX1' is unresolved in 'worklib.risc_cpu:v'.
  SDFFQX1 \u_mem_mem_reg[25][4] (.CK (clk), .D (data_bus[4]), .SI
                               |
xmelab: *E,CUVMUR (./code/output/synthesis_net.v,605|31): instance 'tb_risc_cpu.dut@risc_cpu<module>.\u_mem_mem_reg[25][4] ' of design unit 'SDFFQX1' is unresolved in 'worklib.risc_cpu:v'.
  SDFFQX1 \u_mem_mem_reg[25][5] (.CK (clk), .D (data_bus[5]), .SI
                               |
xmelab: *E,CUVMUR (./code/output/synthesis_net.v,607|31): instance 'tb_risc_cpu.dut@risc_cpu<module>.\u_mem_mem_reg[25][5] ' of design unit 'SDFFQX1' is unresolved in 'worklib.risc_cpu:v'.
  SDFFQX1 \u_mem_mem_reg[25][6] (.CK (clk), .D (n_13), .SI
                               |
xmelab: *E,CUVMUR (./code/output/synthesis_net.v,609|31): instance 'tb_risc_cpu.dut@risc_cpu<module>.\u_mem_mem_reg[25][6] ' of design unit 'SDFFQX1' is unresolved in 'worklib.risc_cpu:v'.
  SDFFQX1 \u_mem_mem_reg[25][7] (.CK (clk), .D (n_9), .SI
                               |
xmelab: *E,CUVMUR (./code/output/synthesis_net.v,611|31): instance 'tb_risc_cpu.dut@risc_cpu<module>.\u_mem_mem_reg[25][7] ' of design unit 'SDFFQX1' is unresolved in 'worklib.risc_cpu:v'.
  SDFFQX1 \u_mem_mem_reg[26][0] (.CK (clk), .D (data_bus[0]), .SI
                               |
xmelab: *E,CUVMUR (./code/output/synthesis_net.v,613|31): instance 'tb_risc_cpu.dut@risc_cpu<module>.\u_mem_mem_reg[26][0] ' of design unit 'SDFFQX1' is unresolved in 'worklib.risc_cpu:v'.
  SDFFQX1 \u_mem_mem_reg[26][1] (.CK (clk), .D (data_bus[1]), .SI
                               |
xmelab: *E,CUVMUR (./code/output/synthesis_net.v,615|31): instance 'tb_risc_cpu.dut@risc_cpu<module>.\u_mem_mem_reg[26][1] ' of design unit 'SDFFQX1' is unresolved in 'worklib.risc_cpu:v'.
  SDFFQX1 \u_mem_mem_reg[26][2] (.CK (clk), .D (n_36), .SI
                               |
xmelab: *E,CUVMUR (./code/output/synthesis_net.v,617|31): instance 'tb_risc_cpu.dut@risc_cpu<module>.\u_mem_mem_reg[26][2] ' of design unit 'SDFFQX1' is unresolved in 'worklib.risc_cpu:v'.
  SDFFQX1 \u_mem_mem_reg[26][3] (.CK (clk), .D (n_25), .SI
                               |
xmelab: *E,CUVMUR (./code/output/synthesis_net.v,619|31): instance 'tb_risc_cpu.dut@risc_cpu<module>.\u_mem_mem_reg[26][3] ' of design unit 'SDFFQX1' is unresolved in 'worklib.risc_cpu:v'.
  SDFFQX1 \u_mem_mem_reg[26][4] (.CK (clk), .D (n_16), .SI
                               |
xmelab: *E,CUVMUR (./code/output/synthesis_net.v,621|31): instance 'tb_risc_cpu.dut@risc_cpu<module>.\u_mem_mem_reg[26][4] ' of design unit 'SDFFQX1' is unresolved in 'worklib.risc_cpu:v'.
  SDFFQX1 \u_mem_mem_reg[26][5] (.CK (clk), .D (n_28), .SI
                               |
xmelab: *E,CUVMUR (./code/output/synthesis_net.v,623|31): instance 'tb_risc_cpu.dut@risc_cpu<module>.\u_mem_mem_reg[26][5] ' of design unit 'SDFFQX1' is unresolved in 'worklib.risc_cpu:v'.
  SDFFQX1 \u_mem_mem_reg[26][6] (.CK (clk), .D (data_bus[6]), .SI
                               |
xmelab: *E,CUVMUR (./code/output/synthesis_net.v,625|31): instance 'tb_risc_cpu.dut@risc_cpu<module>.\u_mem_mem_reg[26][6] ' of design unit 'SDFFQX1' is unresolved in 'worklib.risc_cpu:v'.
  SDFFQX1 \u_mem_mem_reg[26][7] (.CK (clk), .D (n_9), .SI
                               |
xmelab: *E,CUVMUR (./code/output/synthesis_net.v,627|31): instance 'tb_risc_cpu.dut@risc_cpu<module>.\u_mem_mem_reg[26][7] ' of design unit 'SDFFQX1' is unresolved in 'worklib.risc_cpu:v'.
  SDFFQX1 \u_mem_mem_reg[27][0] (.CK (clk), .D (\u_mem_mem[27] [0]),
                               |
xmelab: *E,CUVMUR (./code/output/synthesis_net.v,629|31): instance 'tb_risc_cpu.dut@risc_cpu<module>.\u_mem_mem_reg[27][0] ' of design unit 'SDFFQX1' is unresolved in 'worklib.risc_cpu:v'.
  SDFFQX1 \u_mem_mem_reg[27][1] (.CK (clk), .D (\u_mem_mem[27] [1]),
                               |
xmelab: *E,CUVMUR (./code/output/synthesis_net.v,631|31): instance 'tb_risc_cpu.dut@risc_cpu<module>.\u_mem_mem_reg[27][1] ' of design unit 'SDFFQX1' is unresolved in 'worklib.risc_cpu:v'.
  SDFFQX1 \u_mem_mem_reg[27][2] (.CK (clk), .D (\u_mem_mem[27] [2]),
                               |
xmelab: *E,CUVMUR (./code/output/synthesis_net.v,633|31): instance 'tb_risc_cpu.dut@risc_cpu<module>.\u_mem_mem_reg[27][2] ' of design unit 'SDFFQX1' is unresolved in 'worklib.risc_cpu:v'.
  SDFFQX1 \u_mem_mem_reg[27][3] (.CK (clk), .D (\u_mem_mem[27] [3]),
                               |
xmelab: *E,CUVMUR (./code/output/synthesis_net.v,635|31): instance 'tb_risc_cpu.dut@risc_cpu<module>.\u_mem_mem_reg[27][3] ' of design unit 'SDFFQX1' is unresolved in 'worklib.risc_cpu:v'.
  SDFFQX1 \u_mem_mem_reg[27][4] (.CK (clk), .D (\u_mem_mem[27] [4]),
                               |
xmelab: *E,CUVMUR (./code/output/synthesis_net.v,637|31): instance 'tb_risc_cpu.dut@risc_cpu<module>.\u_mem_mem_reg[27][4] ' of design unit 'SDFFQX1' is unresolved in 'worklib.risc_cpu:v'.
  SDFFQX1 \u_mem_mem_reg[27][5] (.CK (clk), .D (\u_mem_mem[27] [5]),
                               |
xmelab: *E,CUVMUR (./code/output/synthesis_net.v,639|31): instance 'tb_risc_cpu.dut@risc_cpu<module>.\u_mem_mem_reg[27][5] ' of design unit 'SDFFQX1' is unresolved in 'worklib.risc_cpu:v'.
  SDFFQX1 \u_mem_mem_reg[27][6] (.CK (clk), .D (\u_mem_mem[27] [6]),
                               |
xmelab: *E,CUVMUR (./code/output/synthesis_net.v,641|31): instance 'tb_risc_cpu.dut@risc_cpu<module>.\u_mem_mem_reg[27][6] ' of design unit 'SDFFQX1' is unresolved in 'worklib.risc_cpu:v'.
  SDFFQX1 \u_mem_mem_reg[27][7] (.CK (clk), .D (\u_mem_mem[27] [7]),
                               |
xmelab: *E,CUVMUR (./code/output/synthesis_net.v,643|31): instance 'tb_risc_cpu.dut@risc_cpu<module>.\u_mem_mem_reg[27][7] ' of design unit 'SDFFQX1' is unresolved in 'worklib.risc_cpu:v'.
  SDFFQX1 \u_mem_mem_reg[28][0] (.CK (clk), .D (n_34), .SI
                               |
xmelab: *E,CUVMUR (./code/output/synthesis_net.v,645|31): instance 'tb_risc_cpu.dut@risc_cpu<module>.\u_mem_mem_reg[28][0] ' of design unit 'SDFFQX1' is unresolved in 'worklib.risc_cpu:v'.
  SDFFQX1 \u_mem_mem_reg[28][1] (.CK (clk), .D (n_22), .SI
                               |
xmelab: *E,CUVMUR (./code/output/synthesis_net.v,647|31): instance 'tb_risc_cpu.dut@risc_cpu<module>.\u_mem_mem_reg[28][1] ' of design unit 'SDFFQX1' is unresolved in 'worklib.risc_cpu:v'.
  SDFFQX1 \u_mem_mem_reg[28][2] (.CK (clk), .D (data_bus[2]), .SI
                               |
xmelab: *E,CUVMUR (./code/output/synthesis_net.v,649|31): instance 'tb_risc_cpu.dut@risc_cpu<module>.\u_mem_mem_reg[28][2] ' of design unit 'SDFFQX1' is unresolved in 'worklib.risc_cpu:v'.
  SDFFQX1 \u_mem_mem_reg[28][3] (.CK (clk), .D (n_24), .SI
                               |
xmelab: *E,CUVMUR (./code/output/synthesis_net.v,651|31): instance 'tb_risc_cpu.dut@risc_cpu<module>.\u_mem_mem_reg[28][3] ' of design unit 'SDFFQX1' is unresolved in 'worklib.risc_cpu:v'.
  SDFFQX1 \u_mem_mem_reg[28][4] (.CK (clk), .D (n_17), .SI
                               |
xmelab: *E,CUVMUR (./code/output/synthesis_net.v,653|31): instance 'tb_risc_cpu.dut@risc_cpu<module>.\u_mem_mem_reg[28][4] ' of design unit 'SDFFQX1' is unresolved in 'worklib.risc_cpu:v'.
  SDFFQX1 \u_mem_mem_reg[28][5] (.CK (clk), .D (n_29), .SI
                               |
xmelab: *E,CUVMUR (./code/output/synthesis_net.v,655|31): instance 'tb_risc_cpu.dut@risc_cpu<module>.\u_mem_mem_reg[28][5] ' of design unit 'SDFFQX1' is unresolved in 'worklib.risc_cpu:v'.
  SDFFQX1 \u_mem_mem_reg[28][6] (.CK (clk), .D (n_14), .SI
                               |
xmelab: *E,CUVMUR (./code/output/synthesis_net.v,657|31): instance 'tb_risc_cpu.dut@risc_cpu<module>.\u_mem_mem_reg[28][6] ' of design unit 'SDFFQX1' is unresolved in 'worklib.risc_cpu:v'.
  SDFFQX1 \u_mem_mem_reg[28][7] (.CK (clk), .D (data_bus[7]), .SI
                               |
xmelab: *E,CUVMUR (./code/output/synthesis_net.v,659|31): instance 'tb_risc_cpu.dut@risc_cpu<module>.\u_mem_mem_reg[28][7] ' of design unit 'SDFFQX1' is unresolved in 'worklib.risc_cpu:v'.
  SDFFQX1 \u_mem_mem_reg[29][0] (.CK (clk), .D (n_33), .SI
                               |
xmelab: *E,CUVMUR (./code/output/synthesis_net.v,661|31): instance 'tb_risc_cpu.dut@risc_cpu<module>.\u_mem_mem_reg[29][0] ' of design unit 'SDFFQX1' is unresolved in 'worklib.risc_cpu:v'.
  SDFFQX1 \u_mem_mem_reg[29][1] (.CK (clk), .D (n_20), .SI
                               |
xmelab: *E,CUVMUR (./code/output/synthesis_net.v,663|31): instance 'tb_risc_cpu.dut@risc_cpu<module>.\u_mem_mem_reg[29][1] ' of design unit 'SDFFQX1' is unresolved in 'worklib.risc_cpu:v'.
  SDFFQX1 \u_mem_mem_reg[29][2] (.CK (clk), .D (n_38), .SI
                               |
xmelab: *E,CUVMUR (./code/output/synthesis_net.v,665|31): instance 'tb_risc_cpu.dut@risc_cpu<module>.\u_mem_mem_reg[29][2] ' of design unit 'SDFFQX1' is unresolved in 'worklib.risc_cpu:v'.
  SDFFQX1 \u_mem_mem_reg[29][3] (.CK (clk), .D (n_26), .SI
                               |
xmelab: *E,CUVMUR (./code/output/synthesis_net.v,667|31): instance 'tb_risc_cpu.dut@risc_cpu<module>.\u_mem_mem_reg[29][3] ' of design unit 'SDFFQX1' is unresolved in 'worklib.risc_cpu:v'.
  SDFFQX1 \u_mem_mem_reg[29][4] (.CK (clk), .D (data_bus[4]), .SI
                               |
xmelab: *E,CUVMUR (./code/output/synthesis_net.v,669|31): instance 'tb_risc_cpu.dut@risc_cpu<module>.\u_mem_mem_reg[29][4] ' of design unit 'SDFFQX1' is unresolved in 'worklib.risc_cpu:v'.
  SDFFQX1 \u_mem_mem_reg[29][5] (.CK (clk), .D (data_bus[5]), .SI
                               |
xmelab: *E,CUVMUR (./code/output/synthesis_net.v,671|31): instance 'tb_risc_cpu.dut@risc_cpu<module>.\u_mem_mem_reg[29][5] ' of design unit 'SDFFQX1' is unresolved in 'worklib.risc_cpu:v'.
  SDFFQX1 \u_mem_mem_reg[29][6] (.CK (clk), .D (n_12), .SI
                               |
xmelab: *E,CUVMUR (./code/output/synthesis_net.v,673|31): instance 'tb_risc_cpu.dut@risc_cpu<module>.\u_mem_mem_reg[29][6] ' of design unit 'SDFFQX1' is unresolved in 'worklib.risc_cpu:v'.
  SDFFQX1 \u_mem_mem_reg[29][7] (.CK (clk), .D (n_9), .SI
                               |
xmelab: *E,CUVMUR (./code/output/synthesis_net.v,675|31): instance 'tb_risc_cpu.dut@risc_cpu<module>.\u_mem_mem_reg[29][7] ' of design unit 'SDFFQX1' is unresolved in 'worklib.risc_cpu:v'.
  SDFFQX1 \u_mem_mem_reg[30][0] (.CK (clk), .D (\u_mem_mem[30] [0]),
                               |
xmelab: *E,CUVMUR (./code/output/synthesis_net.v,677|31): instance 'tb_risc_cpu.dut@risc_cpu<module>.\u_mem_mem_reg[30][0] ' of design unit 'SDFFQX1' is unresolved in 'worklib.risc_cpu:v'.
  SDFFQX1 \u_mem_mem_reg[30][1] (.CK (clk), .D (\u_mem_mem[30] [1]),
                               |
xmelab: *E,CUVMUR (./code/output/synthesis_net.v,679|31): instance 'tb_risc_cpu.dut@risc_cpu<module>.\u_mem_mem_reg[30][1] ' of design unit 'SDFFQX1' is unresolved in 'worklib.risc_cpu:v'.
  SDFFQX1 \u_mem_mem_reg[30][2] (.CK (clk), .D (\u_mem_mem[30] [2]),
                               |
xmelab: *E,CUVMUR (./code/output/synthesis_net.v,681|31): instance 'tb_risc_cpu.dut@risc_cpu<module>.\u_mem_mem_reg[30][2] ' of design unit 'SDFFQX1' is unresolved in 'worklib.risc_cpu:v'.
  SDFFQX1 \u_mem_mem_reg[30][3] (.CK (clk), .D (\u_mem_mem[30] [3]),
                               |
xmelab: *E,CUVMUR (./code/output/synthesis_net.v,683|31): instance 'tb_risc_cpu.dut@risc_cpu<module>.\u_mem_mem_reg[30][3] ' of design unit 'SDFFQX1' is unresolved in 'worklib.risc_cpu:v'.
  SDFFQX1 \u_mem_mem_reg[30][4] (.CK (clk), .D (\u_mem_mem[30] [4]),
                               |
xmelab: *E,CUVMUR (./code/output/synthesis_net.v,685|31): instance 'tb_risc_cpu.dut@risc_cpu<module>.\u_mem_mem_reg[30][4] ' of design unit 'SDFFQX1' is unresolved in 'worklib.risc_cpu:v'.
  SDFFQX1 \u_mem_mem_reg[30][5] (.CK (clk), .D (\u_mem_mem[30] [5]),
                               |
xmelab: *E,CUVMUR (./code/output/synthesis_net.v,687|31): instance 'tb_risc_cpu.dut@risc_cpu<module>.\u_mem_mem_reg[30][5] ' of design unit 'SDFFQX1' is unresolved in 'worklib.risc_cpu:v'.
  SDFFQX1 \u_mem_mem_reg[30][6] (.CK (clk), .D (\u_mem_mem[30] [6]),
                               |
xmelab: *E,CUVMUR (./code/output/synthesis_net.v,689|31): instance 'tb_risc_cpu.dut@risc_cpu<module>.\u_mem_mem_reg[30][6] ' of design unit 'SDFFQX1' is unresolved in 'worklib.risc_cpu:v'.
  SDFFQX1 \u_mem_mem_reg[30][7] (.CK (clk), .D (\u_mem_mem[30] [7]),
                               |
xmelab: *E,CUVMUR (./code/output/synthesis_net.v,691|31): instance 'tb_risc_cpu.dut@risc_cpu<module>.\u_mem_mem_reg[30][7] ' of design unit 'SDFFQX1' is unresolved in 'worklib.risc_cpu:v'.
  SDFFQX1 \u_mem_mem_reg[31][0] (.CK (clk), .D (\u_mem_mem[31] [0]),
                               |
xmelab: *E,CUVMUR (./code/output/synthesis_net.v,693|31): instance 'tb_risc_cpu.dut@risc_cpu<module>.\u_mem_mem_reg[31][0] ' of design unit 'SDFFQX1' is unresolved in 'worklib.risc_cpu:v'.
  SDFFQX1 \u_mem_mem_reg[31][1] (.CK (clk), .D (\u_mem_mem[31] [1]),
                               |
xmelab: *E,CUVMUR (./code/output/synthesis_net.v,695|31): instance 'tb_risc_cpu.dut@risc_cpu<module>.\u_mem_mem_reg[31][1] ' of design unit 'SDFFQX1' is unresolved in 'worklib.risc_cpu:v'.
  SDFFQX1 \u_mem_mem_reg[31][2] (.CK (clk), .D (\u_mem_mem[31] [2]),
                               |
xmelab: *E,CUVMUR (./code/output/synthesis_net.v,697|31): instance 'tb_risc_cpu.dut@risc_cpu<module>.\u_mem_mem_reg[31][2] ' of design unit 'SDFFQX1' is unresolved in 'worklib.risc_cpu:v'.
  SDFFQX1 \u_mem_mem_reg[31][3] (.CK (clk), .D (\u_mem_mem[31] [3]),
                               |
xmelab: *E,CUVMUR (./code/output/synthesis_net.v,699|31): instance 'tb_risc_cpu.dut@risc_cpu<module>.\u_mem_mem_reg[31][3] ' of design unit 'SDFFQX1' is unresolved in 'worklib.risc_cpu:v'.
  SDFFQX1 \u_mem_mem_reg[31][4] (.CK (clk), .D (\u_mem_mem[31] [4]),
                               |
xmelab: *E,CUVMUR (./code/output/synthesis_net.v,701|31): instance 'tb_risc_cpu.dut@risc_cpu<module>.\u_mem_mem_reg[31][4] ' of design unit 'SDFFQX1' is unresolved in 'worklib.risc_cpu:v'.
  SDFFQX1 \u_mem_mem_reg[31][5] (.CK (clk), .D (\u_mem_mem[31] [5]),
                               |
xmelab: *E,CUVMUR (./code/output/synthesis_net.v,703|31): instance 'tb_risc_cpu.dut@risc_cpu<module>.\u_mem_mem_reg[31][5] ' of design unit 'SDFFQX1' is unresolved in 'worklib.risc_cpu:v'.
  SDFFQX1 \u_mem_mem_reg[31][6] (.CK (clk), .D (\u_mem_mem[31] [6]),
                               |
xmelab: *E,CUVMUR (./code/output/synthesis_net.v,705|31): instance 'tb_risc_cpu.dut@risc_cpu<module>.\u_mem_mem_reg[31][6] ' of design unit 'SDFFQX1' is unresolved in 'worklib.risc_cpu:v'.
  SDFFQX1 \u_mem_mem_reg[31][7] (.CK (clk), .D (\u_mem_mem[31] [7]),
                               |
xmelab: *E,CUVMUR (./code/output/synthesis_net.v,707|31): instance 'tb_risc_cpu.dut@risc_cpu<module>.\u_mem_mem_reg[31][7] ' of design unit 'SDFFQX1' is unresolved in 'worklib.risc_cpu:v'.
  DFFHQX1 \u_pc_pc_out_reg[0] (.CK (clk), .D (n_222), .Q (pc_out[0]));
                             |
xmelab: *E,CUVMUR (./code/output/synthesis_net.v,709|29): instance 'tb_risc_cpu.dut@risc_cpu<module>.\u_pc_pc_out_reg[0] ' of design unit 'DFFHQX1' is unresolved in 'worklib.risc_cpu:v'.
  DFFHQX1 \u_pc_pc_out_reg[1] (.CK (clk), .D (n_227), .Q (pc_out[1]));
                             |
xmelab: *E,CUVMUR (./code/output/synthesis_net.v,710|29): instance 'tb_risc_cpu.dut@risc_cpu<module>.\u_pc_pc_out_reg[1] ' of design unit 'DFFHQX1' is unresolved in 'worklib.risc_cpu:v'.
  DFFHQX1 \u_pc_pc_out_reg[2] (.CK (clk), .D (n_232), .Q (pc_out[2]));
                             |
xmelab: *E,CUVMUR (./code/output/synthesis_net.v,711|29): instance 'tb_risc_cpu.dut@risc_cpu<module>.\u_pc_pc_out_reg[2] ' of design unit 'DFFHQX1' is unresolved in 'worklib.risc_cpu:v'.
  DFFHQX1 \u_pc_pc_out_reg[3] (.CK (clk), .D (n_233), .Q (pc_out[3]));
                             |
xmelab: *E,CUVMUR (./code/output/synthesis_net.v,712|29): instance 'tb_risc_cpu.dut@risc_cpu<module>.\u_pc_pc_out_reg[3] ' of design unit 'DFFHQX1' is unresolved in 'worklib.risc_cpu:v'.
  DFFHQX1 \u_pc_pc_out_reg[4] (.CK (clk), .D (n_236), .Q (pc_out[4]));
                             |
xmelab: *E,CUVMUR (./code/output/synthesis_net.v,713|29): instance 'tb_risc_cpu.dut@risc_cpu<module>.\u_pc_pc_out_reg[4] ' of design unit 'DFFHQX1' is unresolved in 'worklib.risc_cpu:v'.
  NOR2X1 g3114__7410(.A (n_235), .B (n_6), .Y (n_237));
                   |
xmelab: *E,CUVMUR (./code/output/synthesis_net.v,714|19): instance 'tb_risc_cpu.dut@risc_cpu<module>.g3114__7410' of design unit 'NOR2X1' is unresolved in 'worklib.risc_cpu:v'.
  OAI211X1 g3117__6417(.A0 (n_106), .A1 (n_207), .B0 (n_229), .C0
                     |
xmelab: *E,CUVMUR (./code/output/synthesis_net.v,715|21): instance 'tb_risc_cpu.dut@risc_cpu<module>.g3117__6417' of design unit 'OAI211X1' is unresolved in 'worklib.risc_cpu:v'.
  AOI22X1 g3118__5477(.A0 (n_111), .A1 (n_230), .B0 (acc_out[7]), .B1
                    |
xmelab: *E,CUVMUR (./code/output/synthesis_net.v,717|20): instance 'tb_risc_cpu.dut@risc_cpu<module>.g3118__5477' of design unit 'AOI22X1' is unresolved in 'worklib.risc_cpu:v'.
  NOR2X1 g3120__2398(.A (n_228), .B (rst), .Y (n_234));
                   |
xmelab: *E,CUVMUR (./code/output/synthesis_net.v,719|19): instance 'tb_risc_cpu.dut@risc_cpu<module>.g3120__2398' of design unit 'NOR2X1' is unresolved in 'worklib.risc_cpu:v'.
  OAI31X1 g3121__5107(.A0 (pc_out[3]), .A1 (n_61), .A2 (n_207), .B0
                    |
xmelab: *E,CUVMUR (./code/output/synthesis_net.v,720|20): instance 'tb_risc_cpu.dut@risc_cpu<module>.g3121__5107' of design unit 'OAI31X1' is unresolved in 'worklib.risc_cpu:v'.
  OAI211X1 g3122__6260(.A0 (pc_out[2]), .A1 (n_207), .B0 (n_224), .C0
                     |
xmelab: *E,CUVMUR (./code/output/synthesis_net.v,722|21): instance 'tb_risc_cpu.dut@risc_cpu<module>.g3122__6260' of design unit 'OAI211X1' is unresolved in 'worklib.risc_cpu:v'.
  AOI32X1 g3125__4319(.A0 (pc_out[3]), .A1 (n_218), .A2 (n_48), .B0
                    |
xmelab: *E,CUVMUR (./code/output/synthesis_net.v,724|20): instance 'tb_risc_cpu.dut@risc_cpu<module>.g3125__4319' of design unit 'AOI32X1' is unresolved in 'worklib.risc_cpu:v'.
  OAI222X1 g3126__8428(.A0 (u_alu_n_123), .A1 (n_217), .B0 (n_99), .B1
                     |
xmelab: *E,CUVMUR (./code/output/synthesis_net.v,726|21): instance 'tb_risc_cpu.dut@risc_cpu<module>.g3126__8428' of design unit 'OAI222X1' is unresolved in 'worklib.risc_cpu:v'.
  OAI211X1 g3127__5526(.A0 (n_70), .A1 (n_218), .B0 (pc_out[4]), .C0
                     |
xmelab: *E,CUVMUR (./code/output/synthesis_net.v,728|21): instance 'tb_risc_cpu.dut@risc_cpu<module>.g3127__5526' of design unit 'OAI211X1' is unresolved in 'worklib.risc_cpu:v'.
  AOI22X1 g3128__6783(.A0 (n_111), .A1 (n_221), .B0 (acc_out[6]), .B1
                    |
xmelab: *E,CUVMUR (./code/output/synthesis_net.v,730|20): instance 'tb_risc_cpu.dut@risc_cpu<module>.g3128__6783' of design unit 'AOI22X1' is unresolved in 'worklib.risc_cpu:v'.
  NAND2X1 g3130__3680(.A (n_223), .B (n_215), .Y (n_227));
                    |
xmelab: *E,CUVMUR (./code/output/synthesis_net.v,732|20): instance 'tb_risc_cpu.dut@risc_cpu<module>.g3130__3680' of design unit 'NAND2X1' is unresolved in 'worklib.risc_cpu:v'.
  NOR2X1 g3131__1617(.A (n_220), .B (rst), .Y (n_226));
                   |
xmelab: *E,CUVMUR (./code/output/synthesis_net.v,733|19): instance 'tb_risc_cpu.dut@risc_cpu<module>.g3131__1617' of design unit 'NOR2X1' is unresolved in 'worklib.risc_cpu:v'.
  AOI21X1 g3132__2802(.A0 (n_54), .A1 (n_214), .B0 (n_81), .Y (n_225));
                    |
xmelab: *E,CUVMUR (./code/output/synthesis_net.v,734|20): instance 'tb_risc_cpu.dut@risc_cpu<module>.g3132__2802' of design unit 'AOI21X1' is unresolved in 'worklib.risc_cpu:v'.
  NAND3BXL g3133__1705(.AN (n_216), .B (pc_out[2]), .C (n_48), .Y
                     |
xmelab: *E,CUVMUR (./code/output/synthesis_net.v,735|21): instance 'tb_risc_cpu.dut@risc_cpu<module>.g3133__1705' of design unit 'NAND3BXL' is unresolved in 'worklib.risc_cpu:v'.
  AOI32X1 g3135__5122(.A0 (pc_out[1]), .A1 (n_208), .A2 (n_48), .B0
                    |
xmelab: *E,CUVMUR (./code/output/synthesis_net.v,737|20): instance 'tb_risc_cpu.dut@risc_cpu<module>.g3135__5122' of design unit 'AOI32X1' is unresolved in 'worklib.risc_cpu:v'.
  OAI221X1 g3136__8246(.A0 (n_206), .A1 (n_6), .B0 (pc_out[0]), .B1
                     |
xmelab: *E,CUVMUR (./code/output/synthesis_net.v,739|21): instance 'tb_risc_cpu.dut@risc_cpu<module>.g3136__8246' of design unit 'OAI221X1' is unresolved in 'worklib.risc_cpu:v'.
  OAI222X1 g3137__7098(.A0 (u_alu_n_123), .A1 (n_209), .B0 (n_98), .B1
                     |
xmelab: *E,CUVMUR (./code/output/synthesis_net.v,741|21): instance 'tb_risc_cpu.dut@risc_cpu<module>.g3137__7098' of design unit 'OAI222X1' is unresolved in 'worklib.risc_cpu:v'.
  AOI22X1 g3138__6131(.A0 (n_111), .A1 (n_213), .B0 (acc_out[5]), .B1
                    |
xmelab: *E,CUVMUR (./code/output/synthesis_net.v,743|20): instance 'tb_risc_cpu.dut@risc_cpu<module>.g3138__6131' of design unit 'AOI22X1' is unresolved in 'worklib.risc_cpu:v'.
  NOR2X1 g3139__1881(.A (n_212), .B (rst), .Y (n_219));
                   |
xmelab: *E,CUVMUR (./code/output/synthesis_net.v,745|19): instance 'tb_risc_cpu.dut@risc_cpu<module>.g3139__1881' of design unit 'NOR2X1' is unresolved in 'worklib.risc_cpu:v'.
  NAND2BX1 g3140__5115(.AN (n_214), .B (n_99), .Y (n_217));
                     |
xmelab: *E,CUVMUR (./code/output/synthesis_net.v,746|21): instance 'tb_risc_cpu.dut@risc_cpu<module>.g3140__5115' of design unit 'NAND2BX1' is unresolved in 'worklib.risc_cpu:v'.
  OAI2BB1X1 g3141__7482(.A0N (n_61), .A1N (n_249), .B0 (n_216), .Y
                      |
xmelab: *E,CUVMUR (./code/output/synthesis_net.v,747|22): instance 'tb_risc_cpu.dut@risc_cpu<module>.g3141__7482' of design unit 'OAI2BB1X1' is unresolved in 'worklib.risc_cpu:v'.
  NAND3BXL g3142__4733(.AN (pc_out[1]), .B (pc_out[0]), .C (n_205), .Y
                     |
xmelab: *E,CUVMUR (./code/output/synthesis_net.v,749|21): instance 'tb_risc_cpu.dut@risc_cpu<module>.g3142__4733' of design unit 'NAND3BXL' is unresolved in 'worklib.risc_cpu:v'.
  AOI21X1 g3143__6161(.A0 (n_52), .A1 (n_249), .B0 (n_208), .Y (n_216));
                    |
xmelab: *E,CUVMUR (./code/output/synthesis_net.v,751|20): instance 'tb_risc_cpu.dut@risc_cpu<module>.g3143__6161' of design unit 'AOI21X1' is unresolved in 'worklib.risc_cpu:v'.
  OAI222X1 g3145__9315(.A0 (u_alu_n_123), .A1 (n_196), .B0 (n_93), .B1
                     |
xmelab: *E,CUVMUR (./code/output/synthesis_net.v,752|21): instance 'tb_risc_cpu.dut@risc_cpu<module>.g3145__9315' of design unit 'OAI222X1' is unresolved in 'worklib.risc_cpu:v'.
  AOI22X1 g3146__9945(.A0 (n_111), .A1 (n_200), .B0 (acc_out[4]), .B1
                    |
xmelab: *E,CUVMUR (./code/output/synthesis_net.v,754|20): instance 'tb_risc_cpu.dut@risc_cpu<module>.g3146__9945' of design unit 'AOI22X1' is unresolved in 'worklib.risc_cpu:v'.
  AOI21X1 g3147__2883(.A0 (n_54), .A1 (n_201), .B0 (n_81), .Y (n_211));
                    |
xmelab: *E,CUVMUR (./code/output/synthesis_net.v,756|20): instance 'tb_risc_cpu.dut@risc_cpu<module>.g3147__2883' of design unit 'AOI21X1' is unresolved in 'worklib.risc_cpu:v'.
  AOI22X1 g3148__2346(.A0 (n_63), .A1 (n_202), .B0 (acc_out[6]), .B1
                    |
xmelab: *E,CUVMUR (./code/output/synthesis_net.v,757|20): instance 'tb_risc_cpu.dut@risc_cpu<module>.g3148__2346' of design unit 'AOI22X1' is unresolved in 'worklib.risc_cpu:v'.
  NOR2X1 g3149__1666(.A (n_199), .B (n_6), .Y (n_210));
                   |
xmelab: *E,CUVMUR (./code/output/synthesis_net.v,759|19): instance 'tb_risc_cpu.dut@risc_cpu<module>.g3149__1666' of design unit 'NOR2X1' is unresolved in 'worklib.risc_cpu:v'.
  NAND2X1 g3150__7410(.A (n_98), .B (n_202), .Y (n_209));
                    |
xmelab: *E,CUVMUR (./code/output/synthesis_net.v,760|20): instance 'tb_risc_cpu.dut@risc_cpu<module>.g3150__7410' of design unit 'NAND2X1' is unresolved in 'worklib.risc_cpu:v'.
  OAI2BB1X1 g3151__6417(.A0N (u_ctrl_state[2]), .A1N (n_197), .B0
                      |
xmelab: *E,CUVMUR (./code/output/synthesis_net.v,761|22): instance 'tb_risc_cpu.dut@risc_cpu<module>.g3151__6417' of design unit 'OAI2BB1X1' is unresolved in 'worklib.risc_cpu:v'.
  OAI211X1 g3152__5477(.A0 (pc_out[0]), .A1 (n_62), .B0
                     |
xmelab: *E,CUVMUR (./code/output/synthesis_net.v,763|21): instance 'tb_risc_cpu.dut@risc_cpu<module>.g3152__5477' of design unit 'OAI211X1' is unresolved in 'worklib.risc_cpu:v'.
  NAND3X1 g3153__2398(.A (pc_out[1]), .B (pc_out[0]), .C (n_205), .Y
                    |
xmelab: *E,CUVMUR (./code/output/synthesis_net.v,765|20): instance 'tb_risc_cpu.dut@risc_cpu<module>.g3153__2398' of design unit 'NAND3X1' is unresolved in 'worklib.risc_cpu:v'.
  INVX1 g3154(.A (n_205), .Y (n_204));
            |
xmelab: *E,CUVMUR (./code/output/synthesis_net.v,767|12): instance 'tb_risc_cpu.dut@risc_cpu<module>.g3154' of design unit 'INVX1' is unresolved in 'worklib.risc_cpu:v'.
  AOI21X1 g3155__5107(.A0 (n_54), .A1 (n_194), .B0 (n_81), .Y (n_203));
                    |
xmelab: *E,CUVMUR (./code/output/synthesis_net.v,768|20): instance 'tb_risc_cpu.dut@risc_cpu<module>.g3155__5107' of design unit 'AOI21X1' is unresolved in 'worklib.risc_cpu:v'.
  AOI211XL g3156__6260(.A0 (u_ctrl_state[1]), .A1 (n_189), .B0 (n_246),
                     |
xmelab: *E,CUVMUR (./code/output/synthesis_net.v,769|21): instance 'tb_risc_cpu.dut@risc_cpu<module>.g3156__6260' of design unit 'AOI211XL' is unresolved in 'worklib.risc_cpu:v'.
  INVX1 g3158(.A (n_202), .Y (n_201));
            |
xmelab: *E,CUVMUR (./code/output/synthesis_net.v,771|12): instance 'tb_risc_cpu.dut@risc_cpu<module>.g3158' of design unit 'INVX1' is unresolved in 'worklib.risc_cpu:v'.
  OAI222X1 g3159__4319(.A0 (u_alu_n_123), .A1 (n_190), .B0 (n_94), .B1
                     |
xmelab: *E,CUVMUR (./code/output/synthesis_net.v,772|21): instance 'tb_risc_cpu.dut@risc_cpu<module>.g3159__4319' of design unit 'OAI222X1' is unresolved in 'worklib.risc_cpu:v'.
  AOI22X1 g3160__8428(.A0 (n_111), .A1 (n_193), .B0 (acc_out[3]), .B1
                    |
xmelab: *E,CUVMUR (./code/output/synthesis_net.v,774|20): instance 'tb_risc_cpu.dut@risc_cpu<module>.g3160__8428' of design unit 'AOI22X1' is unresolved in 'worklib.risc_cpu:v'.
  OAI22X1 g3161__5526(.A0 (n_68), .A1 (n_194), .B0 (n_57), .B1 (n_40),
                    |
xmelab: *E,CUVMUR (./code/output/synthesis_net.v,776|20): instance 'tb_risc_cpu.dut@risc_cpu<module>.g3161__5526' of design unit 'OAI22X1' is unresolved in 'worklib.risc_cpu:v'.
  NOR2X1 g3162__6783(.A (n_192), .B (n_6), .Y (n_198));
                   |
xmelab: *E,CUVMUR (./code/output/synthesis_net.v,778|19): instance 'tb_risc_cpu.dut@risc_cpu<module>.g3162__6783' of design unit 'NOR2X1' is unresolved in 'worklib.risc_cpu:v'.
  NAND2BX1 g3163__3680(.AN (n_194), .B (n_93), .Y (n_196));
                     |
xmelab: *E,CUVMUR (./code/output/synthesis_net.v,779|21): instance 'tb_risc_cpu.dut@risc_cpu<module>.g3163__3680' of design unit 'NAND2BX1' is unresolved in 'worklib.risc_cpu:v'.
  AOI221X1 g3164__1617(.A0 (u_ctrl_state[1]), .A1 (n_187), .B0
                     |
xmelab: *E,CUVMUR (./code/output/synthesis_net.v,780|21): instance 'tb_risc_cpu.dut@risc_cpu<module>.g3164__1617' of design unit 'AOI221X1' is unresolved in 'worklib.risc_cpu:v'.
  AOI21X1 g3165__2802(.A0 (n_54), .A1 (n_185), .B0 (n_81), .Y (n_195));
                    |
xmelab: *E,CUVMUR (./code/output/synthesis_net.v,782|20): instance 'tb_risc_cpu.dut@risc_cpu<module>.g3165__2802' of design unit 'AOI21X1' is unresolved in 'worklib.risc_cpu:v'.
  OAI222X1 g3167__1705(.A0 (u_alu_n_123), .A1 (n_182), .B0 (n_95), .B1
                     |
xmelab: *E,CUVMUR (./code/output/synthesis_net.v,783|21): instance 'tb_risc_cpu.dut@risc_cpu<module>.g3167__1705' of design unit 'OAI222X1' is unresolved in 'worklib.risc_cpu:v'.
  AOI22X1 g3168__5122(.A0 (n_111), .A1 (n_184), .B0 (acc_out[2]), .B1
                    |
xmelab: *E,CUVMUR (./code/output/synthesis_net.v,785|20): instance 'tb_risc_cpu.dut@risc_cpu<module>.g3168__5122' of design unit 'AOI22X1' is unresolved in 'worklib.risc_cpu:v'.
  OA22X1 g3169__8246(.A0 (n_66), .A1 (n_185), .B0 (n_49), .B1 (n_41),
                   |
xmelab: *E,CUVMUR (./code/output/synthesis_net.v,787|19): instance 'tb_risc_cpu.dut@risc_cpu<module>.g3169__8246' of design unit 'OA22X1' is unresolved in 'worklib.risc_cpu:v'.
  NOR2X1 g3170__7098(.A (n_183), .B (rst), .Y (n_191));
                   |
xmelab: *E,CUVMUR (./code/output/synthesis_net.v,789|19): instance 'tb_risc_cpu.dut@risc_cpu<module>.g3170__7098' of design unit 'NOR2X1' is unresolved in 'worklib.risc_cpu:v'.
  NAND2BX1 g3172__6131(.AN (n_185), .B (n_94), .Y (n_190));
                     |
xmelab: *E,CUVMUR (./code/output/synthesis_net.v,790|21): instance 'tb_risc_cpu.dut@risc_cpu<module>.g3172__6131' of design unit 'NAND2BX1' is unresolved in 'worklib.risc_cpu:v'.
  OR4X1 g3173__1881(.A (ir_out[7]), .B (ir_out[6]), .C (n_55), .D
                  |
xmelab: *E,CUVMUR (./code/output/synthesis_net.v,791|18): instance 'tb_risc_cpu.dut@risc_cpu<module>.g3173__1881' of design unit 'OR4X1' is unresolved in 'worklib.risc_cpu:v'.
  NOR2X1 g3174__5115(.A (n_181), .B (rst), .Y (n_188));
                   |
xmelab: *E,CUVMUR (./code/output/synthesis_net.v,793|19): instance 'tb_risc_cpu.dut@risc_cpu<module>.g3174__5115' of design unit 'NOR2X1' is unresolved in 'worklib.risc_cpu:v'.
  OAI21X1 g3175__7482(.A0 (ir_out[6]), .A1 (n_178), .B0 (ir_out[5]), .Y
                    |
xmelab: *E,CUVMUR (./code/output/synthesis_net.v,794|20): instance 'tb_risc_cpu.dut@risc_cpu<module>.g3175__7482' of design unit 'OAI21X1' is unresolved in 'worklib.risc_cpu:v'.
  AOI21X1 g3176__4733(.A0 (n_54), .A1 (n_176), .B0 (n_81), .Y (n_186));
                    |
xmelab: *E,CUVMUR (./code/output/synthesis_net.v,796|20): instance 'tb_risc_cpu.dut@risc_cpu<module>.g3176__4733' of design unit 'AOI21X1' is unresolved in 'worklib.risc_cpu:v'.
  OAI2BB1X1 g3177__6161(.A0N (n_132), .A1N (n_177), .B0 (n_180), .Y
                      |
xmelab: *E,CUVMUR (./code/output/synthesis_net.v,797|22): instance 'tb_risc_cpu.dut@risc_cpu<module>.g3177__6161' of design unit 'OAI2BB1X1' is unresolved in 'worklib.risc_cpu:v'.
  AOI22X1 g3178__9315(.A0 (n_111), .A1 (n_175), .B0 (acc_out[1]), .B1
                    |
xmelab: *E,CUVMUR (./code/output/synthesis_net.v,799|20): instance 'tb_risc_cpu.dut@risc_cpu<module>.g3178__9315' of design unit 'AOI22X1' is unresolved in 'worklib.risc_cpu:v'.
  OA22X1 g3179__9945(.A0 (n_64), .A1 (n_176), .B0 (n_59), .B1 (n_42),
                   |
xmelab: *E,CUVMUR (./code/output/synthesis_net.v,801|19): instance 'tb_risc_cpu.dut@risc_cpu<module>.g3179__9945' of design unit 'OA22X1' is unresolved in 'worklib.risc_cpu:v'.
  NAND2BX1 g3309__2883(.AN (n_176), .B (n_95), .Y (n_182));
                     |
xmelab: *E,CUVMUR (./code/output/synthesis_net.v,803|21): instance 'tb_risc_cpu.dut@risc_cpu<module>.g3309__2883' of design unit 'NAND2BX1' is unresolved in 'worklib.risc_cpu:v'.
  AOI22X1 g3310__2346(.A0 (n_111), .A1 (n_174), .B0 (acc_out[0]), .B1
                    |
xmelab: *E,CUVMUR (./code/output/synthesis_net.v,804|20): instance 'tb_risc_cpu.dut@risc_cpu<module>.g3310__2346' of design unit 'AOI22X1' is unresolved in 'worklib.risc_cpu:v'.
  AOI32X1 g3311__1666(.A0 (n_54), .A1 (n_96), .A2 (n_157), .B0 (n_103),
                    |
xmelab: *E,CUVMUR (./code/output/synthesis_net.v,806|20): instance 'tb_risc_cpu.dut@risc_cpu<module>.g3311__1666' of design unit 'AOI32X1' is unresolved in 'worklib.risc_cpu:v'.
  INVX1 g3439(.A (n_178), .Y (n_179));
            |
xmelab: *E,CUVMUR (./code/output/synthesis_net.v,808|12): instance 'tb_risc_cpu.dut@risc_cpu<module>.g3439' of design unit 'INVX1' is unresolved in 'worklib.risc_cpu:v'.
  OAI21X1 g3440__7410(.A0 (u_alu_n_123), .A1 (n_157), .B0 (n_80), .Y
                    |
xmelab: *E,CUVMUR (./code/output/synthesis_net.v,809|20): instance 'tb_risc_cpu.dut@risc_cpu<module>.g3440__7410' of design unit 'OAI21X1' is unresolved in 'worklib.risc_cpu:v'.
  NOR4X1 g3441__6417(.A (acc_out[6]), .B (acc_out[4]), .C (acc_out[5]),
                   |
xmelab: *E,CUVMUR (./code/output/synthesis_net.v,811|19): instance 'tb_risc_cpu.dut@risc_cpu<module>.g3441__6417' of design unit 'NOR4X1' is unresolved in 'worklib.risc_cpu:v'.
  OAI222X1 g3442__5477(.A0 (n_97), .A1 (n_143), .B0 (u_alu_n_123), .B1
                     |
xmelab: *E,CUVMUR (./code/output/synthesis_net.v,813|21): instance 'tb_risc_cpu.dut@risc_cpu<module>.g3442__5477' of design unit 'OAI222X1' is unresolved in 'worklib.risc_cpu:v'.
  AOI22X1 g3443__2398(.A0 (n_0), .A1 (n_157), .B0 (acc_out[2]), .B1
                    |
xmelab: *E,CUVMUR (./code/output/synthesis_net.v,815|20): instance 'tb_risc_cpu.dut@risc_cpu<module>.g3443__2398' of design unit 'AOI22X1' is unresolved in 'worklib.risc_cpu:v'.
  OAI222X1 g3444__5107(.A0 (n_55), .A1 (n_69), .B0 (n_109), .B1 (n_84),
                     |
xmelab: *E,CUVMUR (./code/output/synthesis_net.v,817|21): instance 'tb_risc_cpu.dut@risc_cpu<module>.g3444__5107' of design unit 'OAI222X1' is unresolved in 'worklib.risc_cpu:v'.
  NOR2X1 g3446__6260(.A (n_78), .B (n_140), .Y (n_173));
                   |
xmelab: *E,CUVMUR (./code/output/synthesis_net.v,819|19): instance 'tb_risc_cpu.dut@risc_cpu<module>.g3446__6260' of design unit 'NOR2X1' is unresolved in 'worklib.risc_cpu:v'.
  NOR2X1 g3447__4319(.A (n_458), .B (n_140), .Y (n_172));
                   |
xmelab: *E,CUVMUR (./code/output/synthesis_net.v,820|19): instance 'tb_risc_cpu.dut@risc_cpu<module>.g3447__4319' of design unit 'NOR2X1' is unresolved in 'worklib.risc_cpu:v'.
  NOR2X1 g3448__8428(.A (n_76), .B (n_140), .Y (n_171));
                   |
xmelab: *E,CUVMUR (./code/output/synthesis_net.v,821|19): instance 'tb_risc_cpu.dut@risc_cpu<module>.g3448__8428' of design unit 'NOR2X1' is unresolved in 'worklib.risc_cpu:v'.
  NOR2X1 g3449__5526(.A (n_78), .B (n_142), .Y (n_170));
                   |
xmelab: *E,CUVMUR (./code/output/synthesis_net.v,822|19): instance 'tb_risc_cpu.dut@risc_cpu<module>.g3449__5526' of design unit 'NOR2X1' is unresolved in 'worklib.risc_cpu:v'.
  NOR2X1 g3450__6783(.A (n_458), .B (n_2), .Y (n_169));
                   |
xmelab: *E,CUVMUR (./code/output/synthesis_net.v,823|19): instance 'tb_risc_cpu.dut@risc_cpu<module>.g3450__6783' of design unit 'NOR2X1' is unresolved in 'worklib.risc_cpu:v'.
  NOR2X1 g3451__3680(.A (n_76), .B (n_142), .Y (n_168));
                   |
xmelab: *E,CUVMUR (./code/output/synthesis_net.v,824|19): instance 'tb_risc_cpu.dut@risc_cpu<module>.g3451__3680' of design unit 'NOR2X1' is unresolved in 'worklib.risc_cpu:v'.
  NAND2X1 g3452__1617(.A (n_456), .B (n_136), .Y (n_167));
                    |
xmelab: *E,CUVMUR (./code/output/synthesis_net.v,825|20): instance 'tb_risc_cpu.dut@risc_cpu<module>.g3452__1617' of design unit 'NAND2X1' is unresolved in 'worklib.risc_cpu:v'.
  NOR2X1 g3453__2802(.A (n_75), .B (n_140), .Y (n_166));
                   |
xmelab: *E,CUVMUR (./code/output/synthesis_net.v,826|19): instance 'tb_risc_cpu.dut@risc_cpu<module>.g3453__2802' of design unit 'NOR2X1' is unresolved in 'worklib.risc_cpu:v'.
  NOR2X1 g3454__1705(.A (n_458), .B (n_142), .Y (n_165));
                   |
xmelab: *E,CUVMUR (./code/output/synthesis_net.v,827|19): instance 'tb_risc_cpu.dut@risc_cpu<module>.g3454__1705' of design unit 'NOR2X1' is unresolved in 'worklib.risc_cpu:v'.
  NAND2X1 g3455__5122(.A (n_82), .B (n_136), .Y (n_164));
                    |
xmelab: *E,CUVMUR (./code/output/synthesis_net.v,828|20): instance 'tb_risc_cpu.dut@risc_cpu<module>.g3455__5122' of design unit 'NAND2X1' is unresolved in 'worklib.risc_cpu:v'.
  NAND2X1 g3456__8246(.A (n_457), .B (n_137), .Y (n_163));
                    |
xmelab: *E,CUVMUR (./code/output/synthesis_net.v,829|20): instance 'tb_risc_cpu.dut@risc_cpu<module>.g3456__8246' of design unit 'NAND2X1' is unresolved in 'worklib.risc_cpu:v'.
  NAND2X1 g3457__7098(.A (n_459), .B (n_136), .Y (n_162));
                    |
xmelab: *E,CUVMUR (./code/output/synthesis_net.v,830|20): instance 'tb_risc_cpu.dut@risc_cpu<module>.g3457__7098' of design unit 'NAND2X1' is unresolved in 'worklib.risc_cpu:v'.
  NOR2X1 g3458__6131(.A (n_75), .B (n_142), .Y (n_161));
                   |
xmelab: *E,CUVMUR (./code/output/synthesis_net.v,831|19): instance 'tb_risc_cpu.dut@risc_cpu<module>.g3458__6131' of design unit 'NOR2X1' is unresolved in 'worklib.risc_cpu:v'.
  NOR2X1 g3459__1881(.A (n_76), .B (n_2), .Y (n_160));
                   |
xmelab: *E,CUVMUR (./code/output/synthesis_net.v,832|19): instance 'tb_risc_cpu.dut@risc_cpu<module>.g3459__1881' of design unit 'NOR2X1' is unresolved in 'worklib.risc_cpu:v'.
  NAND2X1 g3460__5115(.A (n_82), .B (n_137), .Y (n_159));
                    |
xmelab: *E,CUVMUR (./code/output/synthesis_net.v,833|20): instance 'tb_risc_cpu.dut@risc_cpu<module>.g3460__5115' of design unit 'NAND2X1' is unresolved in 'worklib.risc_cpu:v'.
  NAND2X1 g3461__7482(.A (n_457), .B (n_136), .Y (n_158));
                    |
xmelab: *E,CUVMUR (./code/output/synthesis_net.v,834|20): instance 'tb_risc_cpu.dut@risc_cpu<module>.g3461__7482' of design unit 'NAND2X1' is unresolved in 'worklib.risc_cpu:v'.
  AOI21X1 g3462__4733(.A0 (n_54), .A1 (n_69), .B0 (n_81), .Y (n_143));
                    |
xmelab: *E,CUVMUR (./code/output/synthesis_net.v,835|20): instance 'tb_risc_cpu.dut@risc_cpu<module>.g3462__4733' of design unit 'AOI21X1' is unresolved in 'worklib.risc_cpu:v'.
  OAI22X1 g3463__6161(.A0 (n_69), .A1 (n_67), .B0 (n_58), .B1 (n_43),
                    |
xmelab: *E,CUVMUR (./code/output/synthesis_net.v,836|20): instance 'tb_risc_cpu.dut@risc_cpu<module>.g3463__6161' of design unit 'OAI22X1' is unresolved in 'worklib.risc_cpu:v'.
  NOR2X1 g3464__9315(.A (n_75), .B (n_2), .Y (n_156));
                   |
xmelab: *E,CUVMUR (./code/output/synthesis_net.v,838|19): instance 'tb_risc_cpu.dut@risc_cpu<module>.g3464__9315' of design unit 'NOR2X1' is unresolved in 'worklib.risc_cpu:v'.
  NAND2X1 g3465__9945(.A (n_456), .B (n_137), .Y (n_155));
                    |
xmelab: *E,CUVMUR (./code/output/synthesis_net.v,839|20): instance 'tb_risc_cpu.dut@risc_cpu<module>.g3465__9945' of design unit 'NAND2X1' is unresolved in 'worklib.risc_cpu:v'.
  NOR2X1 g3466__2883(.A (n_458), .B (n_139), .Y (n_154));
                   |
xmelab: *E,CUVMUR (./code/output/synthesis_net.v,840|19): instance 'tb_risc_cpu.dut@risc_cpu<module>.g3466__2883' of design unit 'NOR2X1' is unresolved in 'worklib.risc_cpu:v'.
  NAND2X1 g3467__2346(.A (n_457), .B (n_141), .Y (n_153));
                    |
xmelab: *E,CUVMUR (./code/output/synthesis_net.v,841|20): instance 'tb_risc_cpu.dut@risc_cpu<module>.g3467__2346' of design unit 'NAND2X1' is unresolved in 'worklib.risc_cpu:v'.
  NAND2X1 g3468__1666(.A (n_457), .B (n_138), .Y (n_152));
                    |
xmelab: *E,CUVMUR (./code/output/synthesis_net.v,842|20): instance 'tb_risc_cpu.dut@risc_cpu<module>.g3468__1666' of design unit 'NAND2X1' is unresolved in 'worklib.risc_cpu:v'.
  NOR2X1 g3471__7410(.A (n_78), .B (n_2), .Y (n_151));
                   |
xmelab: *E,CUVMUR (./code/output/synthesis_net.v,843|19): instance 'tb_risc_cpu.dut@risc_cpu<module>.g3471__7410' of design unit 'NOR2X1' is unresolved in 'worklib.risc_cpu:v'.
  NOR2X1 g3472__6417(.A (n_76), .B (n_139), .Y (n_150));
                   |
xmelab: *E,CUVMUR (./code/output/synthesis_net.v,844|19): instance 'tb_risc_cpu.dut@risc_cpu<module>.g3472__6417' of design unit 'NOR2X1' is unresolved in 'worklib.risc_cpu:v'.
  NAND2X1 g3473__5477(.A (n_459), .B (n_141), .Y (n_149));
                    |
xmelab: *E,CUVMUR (./code/output/synthesis_net.v,845|20): instance 'tb_risc_cpu.dut@risc_cpu<module>.g3473__5477' of design unit 'NAND2X1' is unresolved in 'worklib.risc_cpu:v'.
  NOR2X1 g3474__2398(.A (n_78), .B (n_139), .Y (n_148));
                   |
xmelab: *E,CUVMUR (./code/output/synthesis_net.v,846|19): instance 'tb_risc_cpu.dut@risc_cpu<module>.g3474__2398' of design unit 'NOR2X1' is unresolved in 'worklib.risc_cpu:v'.
  NAND2X1 g3475__5107(.A (n_456), .B (n_141), .Y (n_147));
                    |
xmelab: *E,CUVMUR (./code/output/synthesis_net.v,847|20): instance 'tb_risc_cpu.dut@risc_cpu<module>.g3475__5107' of design unit 'NAND2X1' is unresolved in 'worklib.risc_cpu:v'.
  NAND2X1 g3476__6260(.A (n_459), .B (n_138), .Y (n_146));
                    |
xmelab: *E,CUVMUR (./code/output/synthesis_net.v,848|20): instance 'tb_risc_cpu.dut@risc_cpu<module>.g3476__6260' of design unit 'NAND2X1' is unresolved in 'worklib.risc_cpu:v'.
  NAND2X1 g3477__4319(.A (n_456), .B (n_138), .Y (n_145));
                    |
xmelab: *E,CUVMUR (./code/output/synthesis_net.v,849|20): instance 'tb_risc_cpu.dut@risc_cpu<module>.g3477__4319' of design unit 'NAND2X1' is unresolved in 'worklib.risc_cpu:v'.
  NAND2X1 g3479__8428(.A (n_459), .B (n_137), .Y (n_144));
                    |
xmelab: *E,CUVMUR (./code/output/synthesis_net.v,850|20): instance 'tb_risc_cpu.dut@risc_cpu<module>.g3479__8428' of design unit 'NAND2X1' is unresolved in 'worklib.risc_cpu:v'.
  NAND2X1 g3486__5526(.A (addr[1]), .B (n_1), .Y (n_142));
                    |
xmelab: *E,CUVMUR (./code/output/synthesis_net.v,851|20): instance 'tb_risc_cpu.dut@risc_cpu<module>.g3486__5526' of design unit 'NAND2X1' is unresolved in 'worklib.risc_cpu:v'.
  NAND2X1 g3493__6783(.A (n_59), .B (n_124), .Y (n_135));
                    |
xmelab: *E,CUVMUR (./code/output/synthesis_net.v,852|20): instance 'tb_risc_cpu.dut@risc_cpu<module>.g3493__6783' of design unit 'NAND2X1' is unresolved in 'worklib.risc_cpu:v'.
  NAND2BX1 g3494__3680(.AN (n_69), .B (n_97), .Y (n_134));
                     |
xmelab: *E,CUVMUR (./code/output/synthesis_net.v,853|21): instance 'tb_risc_cpu.dut@risc_cpu<module>.g3494__3680' of design unit 'NAND2BX1' is unresolved in 'worklib.risc_cpu:v'.
  AOI21X1 g3495__1617(.A0 (n_246), .A1 (n_92), .B0 (rst), .Y (n_133));
                    |
xmelab: *E,CUVMUR (./code/output/synthesis_net.v,854|20): instance 'tb_risc_cpu.dut@risc_cpu<module>.g3495__1617' of design unit 'AOI21X1' is unresolved in 'worklib.risc_cpu:v'.
  NOR2X1 g3496__2802(.A (n_60), .B (n_131), .Y (n_141));
                   |
xmelab: *E,CUVMUR (./code/output/synthesis_net.v,855|19): instance 'tb_risc_cpu.dut@risc_cpu<module>.g3496__2802' of design unit 'NOR2X1' is unresolved in 'worklib.risc_cpu:v'.
  NAND2X1 g3497__1705(.A (addr[1]), .B (n_129), .Y (n_140));
                    |
xmelab: *E,CUVMUR (./code/output/synthesis_net.v,856|20): instance 'tb_risc_cpu.dut@risc_cpu<module>.g3497__1705' of design unit 'NAND2X1' is unresolved in 'worklib.risc_cpu:v'.
  NAND2X1 g3498__5122(.A (n_60), .B (n_129), .Y (n_139));
                    |
xmelab: *E,CUVMUR (./code/output/synthesis_net.v,857|20): instance 'tb_risc_cpu.dut@risc_cpu<module>.g3498__5122' of design unit 'NAND2X1' is unresolved in 'worklib.risc_cpu:v'.
  NOR2BX1 g3499__8246(.AN (n_1), .B (addr[1]), .Y (n_138));
                    |
xmelab: *E,CUVMUR (./code/output/synthesis_net.v,858|20): instance 'tb_risc_cpu.dut@risc_cpu<module>.g3499__8246' of design unit 'NOR2BX1' is unresolved in 'worklib.risc_cpu:v'.
  NOR2X1 g3501__7098(.A (addr[1]), .B (n_130), .Y (n_137));
                   |
xmelab: *E,CUVMUR (./code/output/synthesis_net.v,859|19): instance 'tb_risc_cpu.dut@risc_cpu<module>.g3501__7098' of design unit 'NOR2X1' is unresolved in 'worklib.risc_cpu:v'.
  NOR2X1 g3502__6131(.A (addr[1]), .B (n_131), .Y (n_136));
                   |
xmelab: *E,CUVMUR (./code/output/synthesis_net.v,860|19): instance 'tb_risc_cpu.dut@risc_cpu<module>.g3502__6131' of design unit 'NOR2X1' is unresolved in 'worklib.risc_cpu:v'.
  INVX1 g3503(.A (n_96), .Y (n_132));
            |
xmelab: *E,CUVMUR (./code/output/synthesis_net.v,861|12): instance 'tb_risc_cpu.dut@risc_cpu<module>.g3503' of design unit 'INVX1' is unresolved in 'worklib.risc_cpu:v'.
  NAND2X1 g3505__1881(.A (ir_out[2]), .B (n_113), .Y (n_128));
                    |
xmelab: *E,CUVMUR (./code/output/synthesis_net.v,862|20): instance 'tb_risc_cpu.dut@risc_cpu<module>.g3505__1881' of design unit 'NAND2X1' is unresolved in 'worklib.risc_cpu:v'.
  NOR2X1 g3506__5115(.A (n_85), .B (n_6), .Y (n_127));
                   |
xmelab: *E,CUVMUR (./code/output/synthesis_net.v,863|19): instance 'tb_risc_cpu.dut@risc_cpu<module>.g3506__5115' of design unit 'NOR2X1' is unresolved in 'worklib.risc_cpu:v'.
  NAND2X1 g3507__7482(.A (ir_out[0]), .B (n_113), .Y (n_126));
                    |
xmelab: *E,CUVMUR (./code/output/synthesis_net.v,864|20): instance 'tb_risc_cpu.dut@risc_cpu<module>.g3507__7482' of design unit 'NAND2X1' is unresolved in 'worklib.risc_cpu:v'.
  NAND2X1 g3508__4733(.A (ir_out[4]), .B (n_113), .Y (n_125));
                    |
xmelab: *E,CUVMUR (./code/output/synthesis_net.v,865|20): instance 'tb_risc_cpu.dut@risc_cpu<module>.g3508__4733' of design unit 'NAND2X1' is unresolved in 'worklib.risc_cpu:v'.
  NAND2X1 g3509__6161(.A (addr[3]), .B (n_114), .Y (n_131));
                    |
xmelab: *E,CUVMUR (./code/output/synthesis_net.v,866|20): instance 'tb_risc_cpu.dut@risc_cpu<module>.g3509__6161' of design unit 'NAND2X1' is unresolved in 'worklib.risc_cpu:v'.
  NAND2BX1 g3511__9315(.AN (n_115), .B (addr[3]), .Y (n_130));
                     |
xmelab: *E,CUVMUR (./code/output/synthesis_net.v,867|21): instance 'tb_risc_cpu.dut@risc_cpu<module>.g3511__9315' of design unit 'NAND2BX1' is unresolved in 'worklib.risc_cpu:v'.
  NOR2X1 g3512__9945(.A (addr[3]), .B (n_115), .Y (n_129));
                   |
xmelab: *E,CUVMUR (./code/output/synthesis_net.v,868|19): instance 'tb_risc_cpu.dut@risc_cpu<module>.g3512__9945' of design unit 'NOR2X1' is unresolved in 'worklib.risc_cpu:v'.
  NOR4X1 g3513__2883(.A (acc_out[2]), .B (acc_out[0]), .C (acc_out[7]),
                   |
xmelab: *E,CUVMUR (./code/output/synthesis_net.v,869|19): instance 'tb_risc_cpu.dut@risc_cpu<module>.g3513__2883' of design unit 'NOR4X1' is unresolved in 'worklib.risc_cpu:v'.
  NOR2X1 g3514__2346(.A (n_90), .B (rst), .Y (n_123));
                   |
xmelab: *E,CUVMUR (./code/output/synthesis_net.v,871|19): instance 'tb_risc_cpu.dut@risc_cpu<module>.g3514__2346' of design unit 'NOR2X1' is unresolved in 'worklib.risc_cpu:v'.
  NOR2X1 g3515__1666(.A (n_87), .B (n_6), .Y (n_122));
                   |
xmelab: *E,CUVMUR (./code/output/synthesis_net.v,872|19): instance 'tb_risc_cpu.dut@risc_cpu<module>.g3515__1666' of design unit 'NOR2X1' is unresolved in 'worklib.risc_cpu:v'.
  NOR2X1 g3516__7410(.A (n_110), .B (rst), .Y (n_121));
                   |
xmelab: *E,CUVMUR (./code/output/synthesis_net.v,873|19): instance 'tb_risc_cpu.dut@risc_cpu<module>.g3516__7410' of design unit 'NOR2X1' is unresolved in 'worklib.risc_cpu:v'.
  NOR2X1 g3517__6417(.A (n_86), .B (n_6), .Y (n_120));
                   |
xmelab: *E,CUVMUR (./code/output/synthesis_net.v,874|19): instance 'tb_risc_cpu.dut@risc_cpu<module>.g3517__6417' of design unit 'NOR2X1' is unresolved in 'worklib.risc_cpu:v'.
  NOR2X1 g3518__5477(.A (n_89), .B (n_6), .Y (n_119));
                   |
xmelab: *E,CUVMUR (./code/output/synthesis_net.v,875|19): instance 'tb_risc_cpu.dut@risc_cpu<module>.g3518__5477' of design unit 'NOR2X1' is unresolved in 'worklib.risc_cpu:v'.
  NOR2X1 g3519__2398(.A (n_91), .B (rst), .Y (n_118));
                   |
xmelab: *E,CUVMUR (./code/output/synthesis_net.v,876|19): instance 'tb_risc_cpu.dut@risc_cpu<module>.g3519__2398' of design unit 'NOR2X1' is unresolved in 'worklib.risc_cpu:v'.
  NOR2X1 g3520__5107(.A (n_88), .B (n_6), .Y (n_117));
                   |
xmelab: *E,CUVMUR (./code/output/synthesis_net.v,877|19): instance 'tb_risc_cpu.dut@risc_cpu<module>.g3520__5107' of design unit 'NOR2X1' is unresolved in 'worklib.risc_cpu:v'.
  NOR2X1 g3521__6260(.A (n_108), .B (rst), .Y (n_116));
                   |
xmelab: *E,CUVMUR (./code/output/synthesis_net.v,878|19): instance 'tb_risc_cpu.dut@risc_cpu<module>.g3521__6260' of design unit 'NOR2X1' is unresolved in 'worklib.risc_cpu:v'.
  INVX1 g3523(.A (n_112), .Y (n_111));
            |
xmelab: *E,CUVMUR (./code/output/synthesis_net.v,879|12): instance 'tb_risc_cpu.dut@risc_cpu<module>.g3523' of design unit 'INVX1' is unresolved in 'worklib.risc_cpu:v'.
  AOI22X1 g3524__4319(.A0 (n_53), .A1 (n_13), .B0 (ir_out[6]), .B1
                    |
xmelab: *E,CUVMUR (./code/output/synthesis_net.v,880|20): instance 'tb_risc_cpu.dut@risc_cpu<module>.g3524__4319' of design unit 'AOI22X1' is unresolved in 'worklib.risc_cpu:v'.
  NOR2X1 g3525__8428(.A (n_81), .B (n_54), .Y (n_109));
                   |
xmelab: *E,CUVMUR (./code/output/synthesis_net.v,882|19): instance 'tb_risc_cpu.dut@risc_cpu<module>.g3525__8428' of design unit 'NOR2X1' is unresolved in 'worklib.risc_cpu:v'.
  AOI22X1 g3526__5526(.A0 (n_53), .A1 (n_29), .B0 (ir_out[5]), .B1
                    |
xmelab: *E,CUVMUR (./code/output/synthesis_net.v,883|20): instance 'tb_risc_cpu.dut@risc_cpu<module>.g3526__5526' of design unit 'AOI22X1' is unresolved in 'worklib.risc_cpu:v'.
  AOI21X1 g3527__6783(.A0 (acc_out[1]), .A1 (ir_out[5]), .B0 (n_72), .Y
                    |
xmelab: *E,CUVMUR (./code/output/synthesis_net.v,885|20): instance 'tb_risc_cpu.dut@risc_cpu<module>.g3527__6783' of design unit 'AOI21X1' is unresolved in 'worklib.risc_cpu:v'.
  NAND3BXL g3528__3680(.AN (pc_out[4]), .B (pc_out[2]), .C (pc_out[3]),
                     |
xmelab: *E,CUVMUR (./code/output/synthesis_net.v,887|21): instance 'tb_risc_cpu.dut@risc_cpu<module>.g3528__3680' of design unit 'NAND3BXL' is unresolved in 'worklib.risc_cpu:v'.
  AOI21X1 g3529__1617(.A0 (acc_out[5]), .A1 (ir_out[5]), .B0 (n_72), .Y
                    |
xmelab: *E,CUVMUR (./code/output/synthesis_net.v,889|20): instance 'tb_risc_cpu.dut@risc_cpu<module>.g3529__1617' of design unit 'AOI21X1' is unresolved in 'worklib.risc_cpu:v'.
  AOI21X1 g3530__2802(.A0 (acc_out[3]), .A1 (ir_out[5]), .B0 (n_72), .Y
                    |
xmelab: *E,CUVMUR (./code/output/synthesis_net.v,891|20): instance 'tb_risc_cpu.dut@risc_cpu<module>.g3530__2802' of design unit 'AOI21X1' is unresolved in 'worklib.risc_cpu:v'.
  OAI2BB1X1 g3531__1705(.A0N (acc_out[2]), .A1N (ir_out[5]), .B0
                      |
xmelab: *E,CUVMUR (./code/output/synthesis_net.v,893|22): instance 'tb_risc_cpu.dut@risc_cpu<module>.g3531__1705' of design unit 'OAI2BB1X1' is unresolved in 'worklib.risc_cpu:v'.
  AOI21X1 g3532__5122(.A0 (acc_out[7]), .A1 (ir_out[5]), .B0 (n_72), .Y
                    |
xmelab: *E,CUVMUR (./code/output/synthesis_net.v,895|20): instance 'tb_risc_cpu.dut@risc_cpu<module>.g3532__5122' of design unit 'AOI21X1' is unresolved in 'worklib.risc_cpu:v'.
  AOI21X1 g3533__8246(.A0 (acc_out[4]), .A1 (ir_out[5]), .B0 (n_72), .Y
                    |
xmelab: *E,CUVMUR (./code/output/synthesis_net.v,897|20): instance 'tb_risc_cpu.dut@risc_cpu<module>.g3533__8246' of design unit 'AOI21X1' is unresolved in 'worklib.risc_cpu:v'.
  AOI21X1 g3534__7098(.A0 (acc_out[6]), .A1 (ir_out[5]), .B0 (n_72), .Y
                    |
xmelab: *E,CUVMUR (./code/output/synthesis_net.v,899|20): instance 'tb_risc_cpu.dut@risc_cpu<module>.g3534__7098' of design unit 'AOI21X1' is unresolved in 'worklib.risc_cpu:v'.
  NAND3BXL g3535__6131(.AN (n_247), .B (u_ctrl_state[0]), .C (addr[0]),
                     |
xmelab: *E,CUVMUR (./code/output/synthesis_net.v,901|21): instance 'tb_risc_cpu.dut@risc_cpu<module>.g3535__6131' of design unit 'NAND3BXL' is unresolved in 'worklib.risc_cpu:v'.
  NOR3X1 g3536__1881(.A (n_56), .B (addr[0]), .C (n_247), .Y (n_114));
                   |
xmelab: *E,CUVMUR (./code/output/synthesis_net.v,903|19): instance 'tb_risc_cpu.dut@risc_cpu<module>.g3536__1881' of design unit 'NOR3X1' is unresolved in 'worklib.risc_cpu:v'.
  NOR3X1 g3537__5115(.A (n_55), .B (n_245), .C (n_6), .Y (n_113));
                   |
xmelab: *E,CUVMUR (./code/output/synthesis_net.v,904|19): instance 'tb_risc_cpu.dut@risc_cpu<module>.g3537__5115' of design unit 'NOR3X1' is unresolved in 'worklib.risc_cpu:v'.
  NAND2X1 g3539__7482(.A (u_ctrl_state[0]), .B (n_71), .Y (n_112));
                    |
xmelab: *E,CUVMUR (./code/output/synthesis_net.v,905|20): instance 'tb_risc_cpu.dut@risc_cpu<module>.g3539__7482' of design unit 'NAND2X1' is unresolved in 'worklib.risc_cpu:v'.
  AOI22X1 g3540__4733(.A0 (u_ctrl_state[0]), .A1 (n_53), .B0
                    |
xmelab: *E,CUVMUR (./code/output/synthesis_net.v,906|20): instance 'tb_risc_cpu.dut@risc_cpu<module>.g3540__4733' of design unit 'AOI22X1' is unresolved in 'worklib.risc_cpu:v'.
  AOI22X1 g3541__6161(.A0 (n_53), .A1 (data_bus[3]), .B0 (ir_out[3]),
                    |
xmelab: *E,CUVMUR (./code/output/synthesis_net.v,908|20): instance 'tb_risc_cpu.dut@risc_cpu<module>.g3541__6161' of design unit 'AOI22X1' is unresolved in 'worklib.risc_cpu:v'.
  AOI22X1 g3542__9315(.A0 (n_53), .A1 (n_37), .B0 (ir_out[2]), .B1
                    |
xmelab: *E,CUVMUR (./code/output/synthesis_net.v,910|20): instance 'tb_risc_cpu.dut@risc_cpu<module>.g3542__9315' of design unit 'AOI22X1' is unresolved in 'worklib.risc_cpu:v'.
  AOI22X1 g3543__9945(.A0 (n_53), .A1 (n_21), .B0 (ir_out[1]), .B1
                    |
xmelab: *E,CUVMUR (./code/output/synthesis_net.v,912|20): instance 'tb_risc_cpu.dut@risc_cpu<module>.g3543__9945' of design unit 'AOI22X1' is unresolved in 'worklib.risc_cpu:v'.
  AOI22X1 g3544__2883(.A0 (n_53), .A1 (n_17), .B0 (ir_out[4]), .B1
                    |
xmelab: *E,CUVMUR (./code/output/synthesis_net.v,914|20): instance 'tb_risc_cpu.dut@risc_cpu<module>.g3544__2883' of design unit 'AOI22X1' is unresolved in 'worklib.risc_cpu:v'.
  AOI22X1 g3545__2346(.A0 (n_53), .A1 (n_34), .B0 (ir_out[0]), .B1
                    |
xmelab: *E,CUVMUR (./code/output/synthesis_net.v,916|20): instance 'tb_risc_cpu.dut@risc_cpu<module>.g3545__2346' of design unit 'AOI22X1' is unresolved in 'worklib.risc_cpu:v'.
  AOI22X1 g3546__1666(.A0 (n_53), .A1 (data_bus[7]), .B0 (ir_out[7]),
                    |
xmelab: *E,CUVMUR (./code/output/synthesis_net.v,918|20): instance 'tb_risc_cpu.dut@risc_cpu<module>.g3546__1666' of design unit 'AOI22X1' is unresolved in 'worklib.risc_cpu:v'.
  MXI2XL g3547__7410(.A (u_ctrl_state[0]), .B (n_56), .S0
                   |
xmelab: *E,CUVMUR (./code/output/synthesis_net.v,920|19): instance 'tb_risc_cpu.dut@risc_cpu<module>.g3547__7410' of design unit 'MXI2XL' is unresolved in 'worklib.risc_cpu:v'.
  MXI2XL g3548__6417(.A (n_33), .B (n_44), .S0 (acc_out[0]), .Y (n_84));
                   |
xmelab: *E,CUVMUR (./code/output/synthesis_net.v,922|19): instance 'tb_risc_cpu.dut@risc_cpu<module>.g3548__6417' of design unit 'MXI2XL' is unresolved in 'worklib.risc_cpu:v'.
  MXI2XL g3549__5477(.A (n_8), .B (n_45), .S0 (acc_out[7]), .Y (n_99));
                   |
xmelab: *E,CUVMUR (./code/output/synthesis_net.v,923|19): instance 'tb_risc_cpu.dut@risc_cpu<module>.g3549__5477' of design unit 'MXI2XL' is unresolved in 'worklib.risc_cpu:v'.
  AOI22X1 g3550__2398(.A0 (acc_out[6]), .A1 (n_46), .B0 (n_50), .B1
                    |
xmelab: *E,CUVMUR (./code/output/synthesis_net.v,924|20): instance 'tb_risc_cpu.dut@risc_cpu<module>.g3550__2398' of design unit 'AOI22X1' is unresolved in 'worklib.risc_cpu:v'.
  AOI22X1 g3551__5107(.A0 (acc_out[1]), .A1 (n_43), .B0 (n_58), .B1
                    |
xmelab: *E,CUVMUR (./code/output/synthesis_net.v,926|20): instance 'tb_risc_cpu.dut@risc_cpu<module>.g3551__5107' of design unit 'AOI22X1' is unresolved in 'worklib.risc_cpu:v'.
  XNOR2X1 g3552__6260(.A (acc_out[2]), .B (data_bus[2]), .Y (n_96));
                    |
xmelab: *E,CUVMUR (./code/output/synthesis_net.v,928|20): instance 'tb_risc_cpu.dut@risc_cpu<module>.g3552__6260' of design unit 'XNOR2X1' is unresolved in 'worklib.risc_cpu:v'.
  AOI22X1 g3553__4319(.A0 (acc_out[3]), .A1 (n_42), .B0 (n_59), .B1
                    |
xmelab: *E,CUVMUR (./code/output/synthesis_net.v,929|20): instance 'tb_risc_cpu.dut@risc_cpu<module>.g3553__4319' of design unit 'AOI22X1' is unresolved in 'worklib.risc_cpu:v'.
  AOI22X1 g3554__8428(.A0 (acc_out[4]), .A1 (n_41), .B0 (n_49), .B1
                    |
xmelab: *E,CUVMUR (./code/output/synthesis_net.v,931|20): instance 'tb_risc_cpu.dut@risc_cpu<module>.g3554__8428' of design unit 'AOI22X1' is unresolved in 'worklib.risc_cpu:v'.
  AOI22X1 g3555__5526(.A0 (acc_out[5]), .A1 (n_40), .B0 (n_57), .B1
                    |
xmelab: *E,CUVMUR (./code/output/synthesis_net.v,933|20): instance 'tb_risc_cpu.dut@risc_cpu<module>.g3555__5526' of design unit 'AOI22X1' is unresolved in 'worklib.risc_cpu:v'.
  INVX1 g3556(.A (n_458), .Y (n_82));
            |
xmelab: *E,CUVMUR (./code/output/synthesis_net.v,935|12): instance 'tb_risc_cpu.dut@risc_cpu<module>.g3556' of design unit 'INVX1' is unresolved in 'worklib.risc_cpu:v'.
  INVX1 g3557(.A (n_81), .Y (n_80));
            |
xmelab: *E,CUVMUR (./code/output/synthesis_net.v,936|12): instance 'tb_risc_cpu.dut@risc_cpu<module>.g3557' of design unit 'INVX1' is unresolved in 'worklib.risc_cpu:v'.
  INVX1 g3558(.A (n_459), .Y (n_78));
            |
xmelab: *E,CUVMUR (./code/output/synthesis_net.v,937|12): instance 'tb_risc_cpu.dut@risc_cpu<module>.g3558' of design unit 'INVX1' is unresolved in 'worklib.risc_cpu:v'.
  INVX1 g3559(.A (n_456), .Y (n_76));
            |
xmelab: *E,CUVMUR (./code/output/synthesis_net.v,938|12): instance 'tb_risc_cpu.dut@risc_cpu<module>.g3559' of design unit 'INVX1' is unresolved in 'worklib.risc_cpu:v'.
  INVX1 g3560(.A (n_457), .Y (n_75));
            |
xmelab: *E,CUVMUR (./code/output/synthesis_net.v,939|12): instance 'tb_risc_cpu.dut@risc_cpu<module>.g3560' of design unit 'INVX1' is unresolved in 'worklib.risc_cpu:v'.
  INVX1 g3561(.A (n_73), .Y (n_72));
            |
xmelab: *E,CUVMUR (./code/output/synthesis_net.v,940|12): instance 'tb_risc_cpu.dut@risc_cpu<module>.g3561' of design unit 'INVX1' is unresolved in 'worklib.risc_cpu:v'.
  AND2XL g3562__6783(.A (u_ctrl_state[2]), .B (n_248), .Y (n_71));
                   |
xmelab: *E,CUVMUR (./code/output/synthesis_net.v,941|19): instance 'tb_risc_cpu.dut@risc_cpu<module>.g3562__6783' of design unit 'AND2XL' is unresolved in 'worklib.risc_cpu:v'.
  NOR2X1 g3563__3680(.A (pc_out[3]), .B (n_62), .Y (n_70));
                   |
xmelab: *E,CUVMUR (./code/output/synthesis_net.v,942|19): instance 'tb_risc_cpu.dut@risc_cpu<module>.g3563__3680' of design unit 'NOR2X1' is unresolved in 'worklib.risc_cpu:v'.
  AND2X1 g3565__2802(.A (ir_out[7]), .B (n_55), .Y (n_81));
                   |
xmelab: *E,CUVMUR (./code/output/synthesis_net.v,943|19): instance 'tb_risc_cpu.dut@risc_cpu<module>.g3565__2802' of design unit 'AND2X1' is unresolved in 'worklib.risc_cpu:v'.
  NAND2X1 g3569__7098(.A (ir_out[7]), .B (ir_out[5]), .Y (n_73));
                    |
xmelab: *E,CUVMUR (./code/output/synthesis_net.v,944|20): instance 'tb_risc_cpu.dut@risc_cpu<module>.g3569__7098' of design unit 'NAND2X1' is unresolved in 'worklib.risc_cpu:v'.
  NOR2X1 g3571__6131(.A (acc_out[5]), .B (data_bus[5]), .Y (n_68));
                   |
xmelab: *E,CUVMUR (./code/output/synthesis_net.v,945|19): instance 'tb_risc_cpu.dut@risc_cpu<module>.g3571__6131' of design unit 'NOR2X1' is unresolved in 'worklib.risc_cpu:v'.
  NOR2X1 g3572__1881(.A (acc_out[1]), .B (data_bus[1]), .Y (n_67));
                   |
xmelab: *E,CUVMUR (./code/output/synthesis_net.v,946|19): instance 'tb_risc_cpu.dut@risc_cpu<module>.g3572__1881' of design unit 'NOR2X1' is unresolved in 'worklib.risc_cpu:v'.
  NOR2X1 g3573__5115(.A (acc_out[4]), .B (data_bus[4]), .Y (n_66));
                   |
xmelab: *E,CUVMUR (./code/output/synthesis_net.v,947|19): instance 'tb_risc_cpu.dut@risc_cpu<module>.g3573__5115' of design unit 'NOR2X1' is unresolved in 'worklib.risc_cpu:v'.
  NOR2X1 g3574__7482(.A (u_ctrl_state[0]), .B (n_6), .Y (n_65));
                   |
xmelab: *E,CUVMUR (./code/output/synthesis_net.v,948|19): instance 'tb_risc_cpu.dut@risc_cpu<module>.g3574__7482' of design unit 'NOR2X1' is unresolved in 'worklib.risc_cpu:v'.
  NOR2X1 g3575__4733(.A (acc_out[3]), .B (n_25), .Y (n_64));
                   |
xmelab: *E,CUVMUR (./code/output/synthesis_net.v,949|19): instance 'tb_risc_cpu.dut@risc_cpu<module>.g3575__4733' of design unit 'NOR2X1' is unresolved in 'worklib.risc_cpu:v'.
  NAND2X1 g3576__6161(.A (n_50), .B (n_46), .Y (n_63));
                    |
xmelab: *E,CUVMUR (./code/output/synthesis_net.v,950|20): instance 'tb_risc_cpu.dut@risc_cpu<module>.g3576__6161' of design unit 'NAND2X1' is unresolved in 'worklib.risc_cpu:v'.
  NAND2X1 g3577__9315(.A (acc_out[0]), .B (data_bus[0]), .Y (n_69));
                    |
xmelab: *E,CUVMUR (./code/output/synthesis_net.v,951|20): instance 'tb_risc_cpu.dut@risc_cpu<module>.g3577__9315' of design unit 'NAND2X1' is unresolved in 'worklib.risc_cpu:v'.
  INVX1 g3578(.A (n_249), .Y (n_62));
            |
xmelab: *E,CUVMUR (./code/output/synthesis_net.v,952|12): instance 'tb_risc_cpu.dut@risc_cpu<module>.g3578' of design unit 'INVX1' is unresolved in 'worklib.risc_cpu:v'.
  INVX1 g3579(.A (pc_out[2]), .Y (n_61));
            |
xmelab: *E,CUVMUR (./code/output/synthesis_net.v,953|12): instance 'tb_risc_cpu.dut@risc_cpu<module>.g3579' of design unit 'INVX1' is unresolved in 'worklib.risc_cpu:v'.
  INVX1 g3582(.A (acc_out[3]), .Y (n_59));
            |
xmelab: *E,CUVMUR (./code/output/synthesis_net.v,954|12): instance 'tb_risc_cpu.dut@risc_cpu<module>.g3582' of design unit 'INVX1' is unresolved in 'worklib.risc_cpu:v'.
  INVX1 g3583(.A (acc_out[1]), .Y (n_58));
            |
xmelab: *E,CUVMUR (./code/output/synthesis_net.v,955|12): instance 'tb_risc_cpu.dut@risc_cpu<module>.g3583' of design unit 'INVX1' is unresolved in 'worklib.risc_cpu:v'.
  INVX1 g3584(.A (acc_out[5]), .Y (n_57));
            |
xmelab: *E,CUVMUR (./code/output/synthesis_net.v,956|12): instance 'tb_risc_cpu.dut@risc_cpu<module>.g3584' of design unit 'INVX1' is unresolved in 'worklib.risc_cpu:v'.
  INVX1 g3585(.A (u_ctrl_state[0]), .Y (n_56));
            |
xmelab: *E,CUVMUR (./code/output/synthesis_net.v,957|12): instance 'tb_risc_cpu.dut@risc_cpu<module>.g3585' of design unit 'INVX1' is unresolved in 'worklib.risc_cpu:v'.
  INVX1 g3586(.A (ir_out[5]), .Y (n_55));
            |
xmelab: *E,CUVMUR (./code/output/synthesis_net.v,958|12): instance 'tb_risc_cpu.dut@risc_cpu<module>.g3586' of design unit 'INVX1' is unresolved in 'worklib.risc_cpu:v'.
  INVX1 g3587(.A (u_alu_n_123), .Y (n_54));
            |
xmelab: *E,CUVMUR (./code/output/synthesis_net.v,959|12): instance 'tb_risc_cpu.dut@risc_cpu<module>.g3587' of design unit 'INVX1' is unresolved in 'worklib.risc_cpu:v'.
  INVX1 g3588(.A (n_250), .Y (n_53));
            |
xmelab: *E,CUVMUR (./code/output/synthesis_net.v,960|12): instance 'tb_risc_cpu.dut@risc_cpu<module>.g3588' of design unit 'INVX1' is unresolved in 'worklib.risc_cpu:v'.
  INVX1 g3596(.A (pc_out[1]), .Y (n_52));
            |
xmelab: *E,CUVMUR (./code/output/synthesis_net.v,961|12): instance 'tb_risc_cpu.dut@risc_cpu<module>.g3596' of design unit 'INVX1' is unresolved in 'worklib.risc_cpu:v'.
  INVX1 g3598(.A (acc_out[6]), .Y (n_50));
            |
xmelab: *E,CUVMUR (./code/output/synthesis_net.v,962|12): instance 'tb_risc_cpu.dut@risc_cpu<module>.g3598' of design unit 'INVX1' is unresolved in 'worklib.risc_cpu:v'.
  INVX1 g3599(.A (acc_out[4]), .Y (n_49));
            |
xmelab: *E,CUVMUR (./code/output/synthesis_net.v,963|12): instance 'tb_risc_cpu.dut@risc_cpu<module>.g3599' of design unit 'INVX1' is unresolved in 'worklib.risc_cpu:v'.
  INVX1 drc_bufs3606(.A (n_47), .Y (n_38));
                   |
xmelab: *E,CUVMUR (./code/output/synthesis_net.v,964|19): instance 'tb_risc_cpu.dut@risc_cpu<module>.drc_bufs3606' of design unit 'INVX1' is unresolved in 'worklib.risc_cpu:v'.
  INVX1 drc_bufs3607(.A (n_47), .Y (n_37));
                   |
xmelab: *E,CUVMUR (./code/output/synthesis_net.v,965|19): instance 'tb_risc_cpu.dut@risc_cpu<module>.drc_bufs3607' of design unit 'INVX1' is unresolved in 'worklib.risc_cpu:v'.
  INVX1 drc_bufs3608(.A (n_47), .Y (n_36));
                   |
xmelab: *E,CUVMUR (./code/output/synthesis_net.v,966|19): instance 'tb_risc_cpu.dut@risc_cpu<module>.drc_bufs3608' of design unit 'INVX1' is unresolved in 'worklib.risc_cpu:v'.
  INVX1 drc_bufs3609(.A (data_bus[2]), .Y (n_47));
                   |
xmelab: *E,CUVMUR (./code/output/synthesis_net.v,967|19): instance 'tb_risc_cpu.dut@risc_cpu<module>.drc_bufs3609' of design unit 'INVX1' is unresolved in 'worklib.risc_cpu:v'.
  INVX1 drc_bufs3614(.A (n_44), .Y (n_34));
                   |
xmelab: *E,CUVMUR (./code/output/synthesis_net.v,968|19): instance 'tb_risc_cpu.dut@risc_cpu<module>.drc_bufs3614' of design unit 'INVX1' is unresolved in 'worklib.risc_cpu:v'.
  INVX1 drc_bufs3615(.A (n_44), .Y (n_33));
                   |
xmelab: *E,CUVMUR (./code/output/synthesis_net.v,969|19): instance 'tb_risc_cpu.dut@risc_cpu<module>.drc_bufs3615' of design unit 'INVX1' is unresolved in 'worklib.risc_cpu:v'.
  INVX1 drc_bufs3616(.A (n_44), .Y (n_32));
                   |
xmelab: *E,CUVMUR (./code/output/synthesis_net.v,970|19): instance 'tb_risc_cpu.dut@risc_cpu<module>.drc_bufs3616' of design unit 'INVX1' is unresolved in 'worklib.risc_cpu:v'.
  INVX1 drc_bufs3617(.A (data_bus[0]), .Y (n_44));
                   |
xmelab: *E,CUVMUR (./code/output/synthesis_net.v,971|19): instance 'tb_risc_cpu.dut@risc_cpu<module>.drc_bufs3617' of design unit 'INVX1' is unresolved in 'worklib.risc_cpu:v'.
  INVX1 drc_bufs3622(.A (n_40), .Y (n_30));
                   |
xmelab: *E,CUVMUR (./code/output/synthesis_net.v,972|19): instance 'tb_risc_cpu.dut@risc_cpu<module>.drc_bufs3622' of design unit 'INVX1' is unresolved in 'worklib.risc_cpu:v'.
  INVX1 drc_bufs3623(.A (n_40), .Y (n_29));
                   |
xmelab: *E,CUVMUR (./code/output/synthesis_net.v,973|19): instance 'tb_risc_cpu.dut@risc_cpu<module>.drc_bufs3623' of design unit 'INVX1' is unresolved in 'worklib.risc_cpu:v'.
  INVX1 drc_bufs3624(.A (n_40), .Y (n_28));
                   |
xmelab: *E,CUVMUR (./code/output/synthesis_net.v,974|19): instance 'tb_risc_cpu.dut@risc_cpu<module>.drc_bufs3624' of design unit 'INVX1' is unresolved in 'worklib.risc_cpu:v'.
  INVX1 drc_bufs3625(.A (data_bus[5]), .Y (n_40));
                   |
xmelab: *E,CUVMUR (./code/output/synthesis_net.v,975|19): instance 'tb_risc_cpu.dut@risc_cpu<module>.drc_bufs3625' of design unit 'INVX1' is unresolved in 'worklib.risc_cpu:v'.
  INVX1 drc_bufs3630(.A (n_42), .Y (n_26));
                   |
xmelab: *E,CUVMUR (./code/output/synthesis_net.v,976|19): instance 'tb_risc_cpu.dut@risc_cpu<module>.drc_bufs3630' of design unit 'INVX1' is unresolved in 'worklib.risc_cpu:v'.
  INVX1 drc_bufs3631(.A (n_42), .Y (n_25));
                   |
xmelab: *E,CUVMUR (./code/output/synthesis_net.v,977|19): instance 'tb_risc_cpu.dut@risc_cpu<module>.drc_bufs3631' of design unit 'INVX1' is unresolved in 'worklib.risc_cpu:v'.
  INVX1 drc_bufs3632(.A (n_42), .Y (n_24));
                   |
xmelab: *E,CUVMUR (./code/output/synthesis_net.v,978|19): instance 'tb_risc_cpu.dut@risc_cpu<module>.drc_bufs3632' of design unit 'INVX1' is unresolved in 'worklib.risc_cpu:v'.
  INVX1 drc_bufs3633(.A (data_bus[3]), .Y (n_42));
                   |
xmelab: *E,CUVMUR (./code/output/synthesis_net.v,979|19): instance 'tb_risc_cpu.dut@risc_cpu<module>.drc_bufs3633' of design unit 'INVX1' is unresolved in 'worklib.risc_cpu:v'.
  INVX1 drc_bufs3638(.A (n_43), .Y (n_22));
                   |
xmelab: *E,CUVMUR (./code/output/synthesis_net.v,980|19): instance 'tb_risc_cpu.dut@risc_cpu<module>.drc_bufs3638' of design unit 'INVX1' is unresolved in 'worklib.risc_cpu:v'.
  INVX1 drc_bufs3639(.A (n_43), .Y (n_21));
                   |
xmelab: *E,CUVMUR (./code/output/synthesis_net.v,981|19): instance 'tb_risc_cpu.dut@risc_cpu<module>.drc_bufs3639' of design unit 'INVX1' is unresolved in 'worklib.risc_cpu:v'.
  INVX1 drc_bufs3640(.A (n_43), .Y (n_20));
                   |
xmelab: *E,CUVMUR (./code/output/synthesis_net.v,982|19): instance 'tb_risc_cpu.dut@risc_cpu<module>.drc_bufs3640' of design unit 'INVX1' is unresolved in 'worklib.risc_cpu:v'.
  INVX1 drc_bufs3641(.A (data_bus[1]), .Y (n_43));
                   |
xmelab: *E,CUVMUR (./code/output/synthesis_net.v,983|19): instance 'tb_risc_cpu.dut@risc_cpu<module>.drc_bufs3641' of design unit 'INVX1' is unresolved in 'worklib.risc_cpu:v'.
  INVX1 drc_bufs3646(.A (n_41), .Y (n_18));
                   |
xmelab: *E,CUVMUR (./code/output/synthesis_net.v,984|19): instance 'tb_risc_cpu.dut@risc_cpu<module>.drc_bufs3646' of design unit 'INVX1' is unresolved in 'worklib.risc_cpu:v'.
  INVX1 drc_bufs3647(.A (n_41), .Y (n_17));
                   |
xmelab: *E,CUVMUR (./code/output/synthesis_net.v,985|19): instance 'tb_risc_cpu.dut@risc_cpu<module>.drc_bufs3647' of design unit 'INVX1' is unresolved in 'worklib.risc_cpu:v'.
  INVX1 drc_bufs3648(.A (n_41), .Y (n_16));
                   |
xmelab: *E,CUVMUR (./code/output/synthesis_net.v,986|19): instance 'tb_risc_cpu.dut@risc_cpu<module>.drc_bufs3648' of design unit 'INVX1' is unresolved in 'worklib.risc_cpu:v'.
  INVX1 drc_bufs3649(.A (data_bus[4]), .Y (n_41));
                   |
xmelab: *E,CUVMUR (./code/output/synthesis_net.v,987|19): instance 'tb_risc_cpu.dut@risc_cpu<module>.drc_bufs3649' of design unit 'INVX1' is unresolved in 'worklib.risc_cpu:v'.
  INVX1 drc_bufs3654(.A (n_46), .Y (n_14));
                   |
xmelab: *E,CUVMUR (./code/output/synthesis_net.v,988|19): instance 'tb_risc_cpu.dut@risc_cpu<module>.drc_bufs3654' of design unit 'INVX1' is unresolved in 'worklib.risc_cpu:v'.
  INVX1 drc_bufs3655(.A (n_46), .Y (n_13));
                   |
xmelab: *E,CUVMUR (./code/output/synthesis_net.v,989|19): instance 'tb_risc_cpu.dut@risc_cpu<module>.drc_bufs3655' of design unit 'INVX1' is unresolved in 'worklib.risc_cpu:v'.
  INVX1 drc_bufs3656(.A (n_46), .Y (n_12));
                   |
xmelab: *E,CUVMUR (./code/output/synthesis_net.v,990|19): instance 'tb_risc_cpu.dut@risc_cpu<module>.drc_bufs3656' of design unit 'INVX1' is unresolved in 'worklib.risc_cpu:v'.
  INVX1 drc_bufs3657(.A (data_bus[6]), .Y (n_46));
                   |
xmelab: *E,CUVMUR (./code/output/synthesis_net.v,991|19): instance 'tb_risc_cpu.dut@risc_cpu<module>.drc_bufs3657' of design unit 'INVX1' is unresolved in 'worklib.risc_cpu:v'.
  INVX1 drc_bufs3662(.A (n_45), .Y (n_10));
                   |
xmelab: *E,CUVMUR (./code/output/synthesis_net.v,992|19): instance 'tb_risc_cpu.dut@risc_cpu<module>.drc_bufs3662' of design unit 'INVX1' is unresolved in 'worklib.risc_cpu:v'.
  INVX1 drc_bufs3663(.A (n_45), .Y (n_9));
                   |
xmelab: *E,CUVMUR (./code/output/synthesis_net.v,993|19): instance 'tb_risc_cpu.dut@risc_cpu<module>.drc_bufs3663' of design unit 'INVX1' is unresolved in 'worklib.risc_cpu:v'.
  INVX1 drc_bufs3664(.A (n_45), .Y (n_8));
                   |
xmelab: *E,CUVMUR (./code/output/synthesis_net.v,994|19): instance 'tb_risc_cpu.dut@risc_cpu<module>.drc_bufs3664' of design unit 'INVX1' is unresolved in 'worklib.risc_cpu:v'.
  INVX1 drc_bufs3665(.A (data_bus[7]), .Y (n_45));
                   |
xmelab: *E,CUVMUR (./code/output/synthesis_net.v,995|19): instance 'tb_risc_cpu.dut@risc_cpu<module>.drc_bufs3665' of design unit 'INVX1' is unresolved in 'worklib.risc_cpu:v'.
  INVX1 drc_bufs3675(.A (n_48), .Y (n_6));
                   |
xmelab: *E,CUVMUR (./code/output/synthesis_net.v,996|19): instance 'tb_risc_cpu.dut@risc_cpu<module>.drc_bufs3675' of design unit 'INVX1' is unresolved in 'worklib.risc_cpu:v'.
  INVX1 drc_bufs3676(.A (rst), .Y (n_48));
                   |
xmelab: *E,CUVMUR (./code/output/synthesis_net.v,997|19): instance 'tb_risc_cpu.dut@risc_cpu<module>.drc_bufs3676' of design unit 'INVX1' is unresolved in 'worklib.risc_cpu:v'.
  NOR2BX1 g2__9945(.AN (n_141), .B (n_458), .Y (n_5));
                 |
xmelab: *E,CUVMUR (./code/output/synthesis_net.v,998|17): instance 'tb_risc_cpu.dut@risc_cpu<module>.g2__9945' of design unit 'NOR2BX1' is unresolved in 'worklib.risc_cpu:v'.
  NAND2BX1 g3677__2883(.AN (n_139), .B (n_457), .Y (n_4));
                     |
xmelab: *E,CUVMUR (./code/output/synthesis_net.v,999|21): instance 'tb_risc_cpu.dut@risc_cpu<module>.g3677__2883' of design unit 'NAND2BX1' is unresolved in 'worklib.risc_cpu:v'.
  NOR2BX1 g3678__2346(.AN (n_138), .B (n_458), .Y (n_3));
                    |
xmelab: *E,CUVMUR (./code/output/synthesis_net.v,1000|20): instance 'tb_risc_cpu.dut@risc_cpu<module>.g3678__2346' of design unit 'NOR2BX1' is unresolved in 'worklib.risc_cpu:v'.
  NAND2BX1 g3679__1666(.AN (n_130), .B (addr[1]), .Y (n_2));
                     |
xmelab: *E,CUVMUR (./code/output/synthesis_net.v,1001|21): instance 'tb_risc_cpu.dut@risc_cpu<module>.g3679__1666' of design unit 'NAND2BX1' is unresolved in 'worklib.risc_cpu:v'.
  NOR2BX1 g3680__7410(.AN (n_114), .B (addr[3]), .Y (n_1));
                    |
xmelab: *E,CUVMUR (./code/output/synthesis_net.v,1002|20): instance 'tb_risc_cpu.dut@risc_cpu<module>.g3680__7410' of design unit 'NOR2BX1' is unresolved in 'worklib.risc_cpu:v'.
  NAND2BX1 g3681__6417(.AN (acc_out[2]), .B (n_47), .Y (n_0));
                     |
xmelab: *E,CUVMUR (./code/output/synthesis_net.v,1003|21): instance 'tb_risc_cpu.dut@risc_cpu<module>.g3681__6417' of design unit 'NAND2BX1' is unresolved in 'worklib.risc_cpu:v'.
  NOR2X1 g479__2398(.A (n_256), .B (n_266), .Y (u_mem_n_686));
                  |
xmelab: *E,CUVMUR (./code/output/synthesis_net.v,1004|18): instance 'tb_risc_cpu.dut@risc_cpu<module>.g479__2398' of design unit 'NOR2X1' is unresolved in 'worklib.risc_cpu:v'.
  NOR2X1 g480__5107(.A (n_256), .B (n_265), .Y (u_mem_n_684));
                  |
xmelab: *E,CUVMUR (./code/output/synthesis_net.v,1005|18): instance 'tb_risc_cpu.dut@risc_cpu<module>.g480__5107' of design unit 'NOR2X1' is unresolved in 'worklib.risc_cpu:v'.
  NOR2X1 g481__6260(.A (n_256), .B (n_270), .Y (u_mem_n_688));
                  |
xmelab: *E,CUVMUR (./code/output/synthesis_net.v,1006|18): instance 'tb_risc_cpu.dut@risc_cpu<module>.g481__6260' of design unit 'NOR2X1' is unresolved in 'worklib.risc_cpu:v'.
  NOR2X1 g482__4319(.A (n_255), .B (n_270), .Y (u_mem_n_689));
                  |
xmelab: *E,CUVMUR (./code/output/synthesis_net.v,1007|18): instance 'tb_risc_cpu.dut@risc_cpu<module>.g482__4319' of design unit 'NOR2X1' is unresolved in 'worklib.risc_cpu:v'.
  NOR2X1 g483__8428(.A (n_257), .B (n_270), .Y (u_mem_n_697));
                  |
xmelab: *E,CUVMUR (./code/output/synthesis_net.v,1008|18): instance 'tb_risc_cpu.dut@risc_cpu<module>.g483__8428' of design unit 'NOR2X1' is unresolved in 'worklib.risc_cpu:v'.
  NOR2X1 g487__5526(.A (n_260), .B (n_270), .Y (u_mem_n_696));
                  |
xmelab: *E,CUVMUR (./code/output/synthesis_net.v,1009|18): instance 'tb_risc_cpu.dut@risc_cpu<module>.g487__5526' of design unit 'NOR2X1' is unresolved in 'worklib.risc_cpu:v'.
  AND2X1 g488__6783(.A (n_258), .B (n_271), .Y (u_mem_n_679));
                  |
xmelab: *E,CUVMUR (./code/output/synthesis_net.v,1010|18): instance 'tb_risc_cpu.dut@risc_cpu<module>.g488__6783' of design unit 'AND2X1' is unresolved in 'worklib.risc_cpu:v'.
  NOR2X1 g489__3680(.A (n_256), .B (n_267), .Y (u_mem_n_672));
                  |
xmelab: *E,CUVMUR (./code/output/synthesis_net.v,1011|18): instance 'tb_risc_cpu.dut@risc_cpu<module>.g489__3680' of design unit 'NOR2X1' is unresolved in 'worklib.risc_cpu:v'.
  NOR2X1 g491__1617(.A (n_256), .B (n_264), .Y (u_mem_n_674));
                  |
xmelab: *E,CUVMUR (./code/output/synthesis_net.v,1012|18): instance 'tb_risc_cpu.dut@risc_cpu<module>.g491__1617' of design unit 'NOR2X1' is unresolved in 'worklib.risc_cpu:v'.
  NOR2X1 g492__2802(.A (n_255), .B (n_265), .Y (u_mem_n_685));
                  |
xmelab: *E,CUVMUR (./code/output/synthesis_net.v,1013|18): instance 'tb_risc_cpu.dut@risc_cpu<module>.g492__2802' of design unit 'NOR2X1' is unresolved in 'worklib.risc_cpu:v'.
  NOR2X1 g493__1705(.A (n_255), .B (n_267), .Y (u_mem_n_673));
                  |
xmelab: *E,CUVMUR (./code/output/synthesis_net.v,1014|18): instance 'tb_risc_cpu.dut@risc_cpu<module>.g493__1705' of design unit 'NOR2X1' is unresolved in 'worklib.risc_cpu:v'.
  NOR2BX1 g494__5122(.AN (n_271), .B (n_256), .Y (u_mem_n_670));
                   |
xmelab: *E,CUVMUR (./code/output/synthesis_net.v,1015|19): instance 'tb_risc_cpu.dut@risc_cpu<module>.g494__5122' of design unit 'NOR2BX1' is unresolved in 'worklib.risc_cpu:v'.
  NOR2X1 g495__8246(.A (n_260), .B (n_269), .Y (u_mem_n_676));
                  |
xmelab: *E,CUVMUR (./code/output/synthesis_net.v,1016|18): instance 'tb_risc_cpu.dut@risc_cpu<module>.g495__8246' of design unit 'NOR2X1' is unresolved in 'worklib.risc_cpu:v'.
  NOR2X1 g496__7098(.A (n_255), .B (n_264), .Y (u_mem_n_675));
                  |
xmelab: *E,CUVMUR (./code/output/synthesis_net.v,1017|18): instance 'tb_risc_cpu.dut@risc_cpu<module>.g496__7098' of design unit 'NOR2X1' is unresolved in 'worklib.risc_cpu:v'.
  NOR2X1 g497__6131(.A (n_260), .B (n_265), .Y (u_mem_n_692));
                  |
xmelab: *E,CUVMUR (./code/output/synthesis_net.v,1018|18): instance 'tb_risc_cpu.dut@risc_cpu<module>.g497__6131' of design unit 'NOR2X1' is unresolved in 'worklib.risc_cpu:v'.
  NOR2X1 g498__1881(.A (n_257), .B (n_265), .Y (u_mem_n_693));
                  |
xmelab: *E,CUVMUR (./code/output/synthesis_net.v,1019|18): instance 'tb_risc_cpu.dut@risc_cpu<module>.g498__1881' of design unit 'NOR2X1' is unresolved in 'worklib.risc_cpu:v'.
  NOR2X1 g499__5115(.A (n_260), .B (n_266), .Y (u_mem_n_694));
                  |
xmelab: *E,CUVMUR (./code/output/synthesis_net.v,1020|18): instance 'tb_risc_cpu.dut@risc_cpu<module>.g499__5115' of design unit 'NOR2X1' is unresolved in 'worklib.risc_cpu:v'.
  NOR2X1 g500__7482(.A (n_260), .B (n_267), .Y (u_mem_n_680));
                  |
xmelab: *E,CUVMUR (./code/output/synthesis_net.v,1021|18): instance 'tb_risc_cpu.dut@risc_cpu<module>.g500__7482' of design unit 'NOR2X1' is unresolved in 'worklib.risc_cpu:v'.
  NOR2X1 g501__4733(.A (n_257), .B (n_267), .Y (u_mem_n_681));
                  |
xmelab: *E,CUVMUR (./code/output/synthesis_net.v,1022|18): instance 'tb_risc_cpu.dut@risc_cpu<module>.g501__4733' of design unit 'NOR2X1' is unresolved in 'worklib.risc_cpu:v'.
  NOR2X1 g502__6161(.A (n_260), .B (n_264), .Y (u_mem_n_682));
                  |
xmelab: *E,CUVMUR (./code/output/synthesis_net.v,1023|18): instance 'tb_risc_cpu.dut@risc_cpu<module>.g502__6161' of design unit 'NOR2X1' is unresolved in 'worklib.risc_cpu:v'.
  NOR2X1 g503__9315(.A (n_256), .B (n_268), .Y (u_mem_n_690));
                  |
xmelab: *E,CUVMUR (./code/output/synthesis_net.v,1024|18): instance 'tb_risc_cpu.dut@risc_cpu<module>.g503__9315' of design unit 'NOR2X1' is unresolved in 'worklib.risc_cpu:v'.
  NOR2X1 g504__9945(.A (n_257), .B (n_269), .Y (u_mem_n_677));
                  |
xmelab: *E,CUVMUR (./code/output/synthesis_net.v,1025|18): instance 'tb_risc_cpu.dut@risc_cpu<module>.g504__9945' of design unit 'NOR2X1' is unresolved in 'worklib.risc_cpu:v'.
  NOR2X1 g505__2883(.A (n_257), .B (n_268), .Y (u_mem_n_699));
                  |
xmelab: *E,CUVMUR (./code/output/synthesis_net.v,1026|18): instance 'tb_risc_cpu.dut@risc_cpu<module>.g505__2883' of design unit 'NOR2X1' is unresolved in 'worklib.risc_cpu:v'.
  NOR2X1 g506__2346(.A (n_256), .B (n_269), .Y (u_mem_n_668));
                  |
xmelab: *E,CUVMUR (./code/output/synthesis_net.v,1027|18): instance 'tb_risc_cpu.dut@risc_cpu<module>.g506__2346' of design unit 'NOR2X1' is unresolved in 'worklib.risc_cpu:v'.
  NOR2X1 g507__1666(.A (n_255), .B (n_269), .Y (u_mem_n_669));
                  |
xmelab: *E,CUVMUR (./code/output/synthesis_net.v,1028|18): instance 'tb_risc_cpu.dut@risc_cpu<module>.g507__1666' of design unit 'NOR2X1' is unresolved in 'worklib.risc_cpu:v'.
  NOR2X1 g508__7410(.A (n_260), .B (n_268), .Y (u_mem_n_698));
                  |
xmelab: *E,CUVMUR (./code/output/synthesis_net.v,1029|18): instance 'tb_risc_cpu.dut@risc_cpu<module>.g508__7410' of design unit 'NOR2X1' is unresolved in 'worklib.risc_cpu:v'.
  NOR2X1 g509__6417(.A (n_255), .B (n_268), .Y (u_mem_n_691));
                  |
xmelab: *E,CUVMUR (./code/output/synthesis_net.v,1030|18): instance 'tb_risc_cpu.dut@risc_cpu<module>.g509__6417' of design unit 'NOR2X1' is unresolved in 'worklib.risc_cpu:v'.
  NOR2X1 g510__5477(.A (n_255), .B (n_266), .Y (u_mem_n_687));
                  |
xmelab: *E,CUVMUR (./code/output/synthesis_net.v,1031|18): instance 'tb_risc_cpu.dut@risc_cpu<module>.g510__5477' of design unit 'NOR2X1' is unresolved in 'worklib.risc_cpu:v'.
  NOR2X1 g511__2398(.A (addr[1]), .B (n_458), .Y (n_271));
                  |
xmelab: *E,CUVMUR (./code/output/synthesis_net.v,1032|18): instance 'tb_risc_cpu.dut@risc_cpu<module>.g511__2398' of design unit 'NOR2X1' is unresolved in 'worklib.risc_cpu:v'.
  NAND2X1 g512__5107(.A (addr[1]), .B (n_457), .Y (n_270));
                   |
xmelab: *E,CUVMUR (./code/output/synthesis_net.v,1033|19): instance 'tb_risc_cpu.dut@risc_cpu<module>.g512__5107' of design unit 'NAND2X1' is unresolved in 'worklib.risc_cpu:v'.
  NAND2BX1 g513__6260(.AN (n_458), .B (addr[1]), .Y (n_269));
                    |
xmelab: *E,CUVMUR (./code/output/synthesis_net.v,1034|20): instance 'tb_risc_cpu.dut@risc_cpu<module>.g513__6260' of design unit 'NAND2BX1' is unresolved in 'worklib.risc_cpu:v'.
  NAND2X1 g514__4319(.A (n_60), .B (n_457), .Y (n_268));
                   |
xmelab: *E,CUVMUR (./code/output/synthesis_net.v,1035|19): instance 'tb_risc_cpu.dut@risc_cpu<module>.g514__4319' of design unit 'NAND2X1' is unresolved in 'worklib.risc_cpu:v'.
  NAND2X1 g517__8428(.A (addr[1]), .B (n_459), .Y (n_267));
                   |
xmelab: *E,CUVMUR (./code/output/synthesis_net.v,1036|19): instance 'tb_risc_cpu.dut@risc_cpu<module>.g517__8428' of design unit 'NAND2X1' is unresolved in 'worklib.risc_cpu:v'.
  NAND2X1 g518__5526(.A (n_60), .B (n_456), .Y (n_266));
                   |
xmelab: *E,CUVMUR (./code/output/synthesis_net.v,1037|19): instance 'tb_risc_cpu.dut@risc_cpu<module>.g518__5526' of design unit 'NAND2X1' is unresolved in 'worklib.risc_cpu:v'.
  NAND2X1 g519__6783(.A (addr[1]), .B (n_456), .Y (n_265));
                   |
xmelab: *E,CUVMUR (./code/output/synthesis_net.v,1038|19): instance 'tb_risc_cpu.dut@risc_cpu<module>.g519__6783' of design unit 'NAND2X1' is unresolved in 'worklib.risc_cpu:v'.
  NAND2X1 g520__3680(.A (n_60), .B (n_459), .Y (n_264));
                   |
xmelab: *E,CUVMUR (./code/output/synthesis_net.v,1039|19): instance 'tb_risc_cpu.dut@risc_cpu<module>.g520__3680' of design unit 'NAND2X1' is unresolved in 'worklib.risc_cpu:v'.
  NAND2BX1 g525__5122(.AN (addr[3]), .B (addr[0]), .Y (n_260));
                    |
xmelab: *E,CUVMUR (./code/output/synthesis_net.v,1040|20): instance 'tb_risc_cpu.dut@risc_cpu<module>.g525__5122' of design unit 'NAND2BX1' is unresolved in 'worklib.risc_cpu:v'.
  INVX1 g526(.A (n_258), .Y (n_257));
           |
xmelab: *E,CUVMUR (./code/output/synthesis_net.v,1041|11): instance 'tb_risc_cpu.dut@risc_cpu<module>.g526' of design unit 'INVX1' is unresolved in 'worklib.risc_cpu:v'.
  NOR2X1 g529__7098(.A (addr[3]), .B (addr[0]), .Y (n_258));
                  |
xmelab: *E,CUVMUR (./code/output/synthesis_net.v,1042|18): instance 'tb_risc_cpu.dut@risc_cpu<module>.g529__7098' of design unit 'NOR2X1' is unresolved in 'worklib.risc_cpu:v'.
  NAND2X1 g530__6131(.A (addr[3]), .B (addr[0]), .Y (n_256));
                   |
xmelab: *E,CUVMUR (./code/output/synthesis_net.v,1043|19): instance 'tb_risc_cpu.dut@risc_cpu<module>.g530__6131' of design unit 'NAND2X1' is unresolved in 'worklib.risc_cpu:v'.
  NAND2BX1 g531__1881(.AN (addr[0]), .B (addr[3]), .Y (n_255));
                    |
xmelab: *E,CUVMUR (./code/output/synthesis_net.v,1044|20): instance 'tb_risc_cpu.dut@risc_cpu<module>.g531__1881' of design unit 'NAND2BX1' is unresolved in 'worklib.risc_cpu:v'.
  INVX1 g532(.A (addr[1]), .Y (n_60));
           |
xmelab: *E,CUVMUR (./code/output/synthesis_net.v,1045|11): instance 'tb_risc_cpu.dut@risc_cpu<module>.g532' of design unit 'INVX1' is unresolved in 'worklib.risc_cpu:v'.
  NOR2BX1 g2__5115(.AN (n_258), .B (n_266), .Y (u_mem_n_695));
                 |
xmelab: *E,CUVMUR (./code/output/synthesis_net.v,1046|17): instance 'tb_risc_cpu.dut@risc_cpu<module>.g2__5115' of design unit 'NOR2BX1' is unresolved in 'worklib.risc_cpu:v'.
  NOR2BX1 g533__7482(.AN (n_258), .B (n_264), .Y (u_mem_n_683));
                   |
xmelab: *E,CUVMUR (./code/output/synthesis_net.v,1047|19): instance 'tb_risc_cpu.dut@risc_cpu<module>.g533__7482' of design unit 'NOR2BX1' is unresolved in 'worklib.risc_cpu:v'.
  NOR2BX1 g534__4733(.AN (n_271), .B (n_260), .Y (u_mem_n_678));
                   |
xmelab: *E,CUVMUR (./code/output/synthesis_net.v,1048|19): instance 'tb_risc_cpu.dut@risc_cpu<module>.g534__4733' of design unit 'NOR2BX1' is unresolved in 'worklib.risc_cpu:v'.
  NOR2BX1 g535__6161(.AN (n_271), .B (n_255), .Y (u_mem_n_671));
                   |
xmelab: *E,CUVMUR (./code/output/synthesis_net.v,1049|19): instance 'tb_risc_cpu.dut@risc_cpu<module>.g535__6161' of design unit 'NOR2BX1' is unresolved in 'worklib.risc_cpu:v'.
  OR4X1 g849__9315(.A (n_420), .B (n_417), .C (n_414), .D (n_411), .Y
                 |
xmelab: *E,CUVMUR (./code/output/synthesis_net.v,1050|17): instance 'tb_risc_cpu.dut@risc_cpu<module>.g849__9315' of design unit 'OR4X1' is unresolved in 'worklib.risc_cpu:v'.
  OR4X1 g850__9945(.A (n_429), .B (n_422), .C (n_400), .D (n_408), .Y
                 |
xmelab: *E,CUVMUR (./code/output/synthesis_net.v,1052|17): instance 'tb_risc_cpu.dut@risc_cpu<module>.g850__9945' of design unit 'OR4X1' is unresolved in 'worklib.risc_cpu:v'.
  OR4X1 g851__2883(.A (n_409), .B (n_416), .C (n_430), .D (n_406), .Y
                 |
xmelab: *E,CUVMUR (./code/output/synthesis_net.v,1054|17): instance 'tb_risc_cpu.dut@risc_cpu<module>.g851__2883' of design unit 'OR4X1' is unresolved in 'worklib.risc_cpu:v'.
  OR4X1 g852__2346(.A (n_423), .B (n_421), .C (n_419), .D (n_418), .Y
                 |
xmelab: *E,CUVMUR (./code/output/synthesis_net.v,1056|17): instance 'tb_risc_cpu.dut@risc_cpu<module>.g852__2346' of design unit 'OR4X1' is unresolved in 'worklib.risc_cpu:v'.
  OR4X1 g853__1666(.A (n_407), .B (n_405), .C (n_403), .D (n_402), .Y
                 |
xmelab: *E,CUVMUR (./code/output/synthesis_net.v,1058|17): instance 'tb_risc_cpu.dut@risc_cpu<module>.g853__1666' of design unit 'OR4X1' is unresolved in 'worklib.risc_cpu:v'.
  OR4X1 g854__7410(.A (n_404), .B (n_401), .C (n_427), .D (n_424), .Y
                 |
xmelab: *E,CUVMUR (./code/output/synthesis_net.v,1060|17): instance 'tb_risc_cpu.dut@risc_cpu<module>.g854__7410' of design unit 'OR4X1' is unresolved in 'worklib.risc_cpu:v'.
  OR4X1 g855__6417(.A (n_431), .B (n_413), .C (n_412), .D (n_410), .Y
                 |
xmelab: *E,CUVMUR (./code/output/synthesis_net.v,1062|17): instance 'tb_risc_cpu.dut@risc_cpu<module>.g855__6417' of design unit 'OR4X1' is unresolved in 'worklib.risc_cpu:v'.
  OR4X1 g856__5477(.A (n_415), .B (n_428), .C (n_426), .D (n_425), .Y
                 |
xmelab: *E,CUVMUR (./code/output/synthesis_net.v,1064|17): instance 'tb_risc_cpu.dut@risc_cpu<module>.g856__5477' of design unit 'OR4X1' is unresolved in 'worklib.risc_cpu:v'.
  NAND4XL g857__2398(.A (n_331), .B (n_329), .C (n_334), .D (n_303), .Y
                   |
xmelab: *E,CUVMUR (./code/output/synthesis_net.v,1066|19): instance 'tb_risc_cpu.dut@risc_cpu<module>.g857__2398' of design unit 'NAND4XL' is unresolved in 'worklib.risc_cpu:v'.
  NAND4XL g858__5107(.A (n_351), .B (n_333), .C (n_374), .D (n_390), .Y
                   |
xmelab: *E,CUVMUR (./code/output/synthesis_net.v,1068|19): instance 'tb_risc_cpu.dut@risc_cpu<module>.g858__5107' of design unit 'NAND4XL' is unresolved in 'worklib.risc_cpu:v'.
  NAND4XL g859__6260(.A (n_382), .B (n_373), .C (n_389), .D (n_393), .Y
                   |
xmelab: *E,CUVMUR (./code/output/synthesis_net.v,1070|19): instance 'tb_risc_cpu.dut@risc_cpu<module>.g859__6260' of design unit 'NAND4XL' is unresolved in 'worklib.risc_cpu:v'.
  NAND4XL g860__4319(.A (n_388), .B (n_386), .C (n_391), .D (n_392), .Y
                   |
xmelab: *E,CUVMUR (./code/output/synthesis_net.v,1072|19): instance 'tb_risc_cpu.dut@risc_cpu<module>.g860__4319' of design unit 'NAND4XL' is unresolved in 'worklib.risc_cpu:v'.
  NAND4XL g861__8428(.A (n_381), .B (n_376), .C (n_385), .D (n_387), .Y
                   |
xmelab: *E,CUVMUR (./code/output/synthesis_net.v,1074|19): instance 'tb_risc_cpu.dut@risc_cpu<module>.g861__8428' of design unit 'NAND4XL' is unresolved in 'worklib.risc_cpu:v'.
  NAND4XL g862__5526(.A (n_380), .B (n_379), .C (n_383), .D (n_384), .Y
                   |
xmelab: *E,CUVMUR (./code/output/synthesis_net.v,1076|19): instance 'tb_risc_cpu.dut@risc_cpu<module>.g862__5526' of design unit 'NAND4XL' is unresolved in 'worklib.risc_cpu:v'.
  NAND4XL g863__6783(.A (n_372), .B (n_370), .C (n_375), .D (n_377), .Y
                   |
xmelab: *E,CUVMUR (./code/output/synthesis_net.v,1078|19): instance 'tb_risc_cpu.dut@risc_cpu<module>.g863__6783' of design unit 'NAND4XL' is unresolved in 'worklib.risc_cpu:v'.
  NAND4XL g864__3680(.A (n_365), .B (n_359), .C (n_369), .D (n_371), .Y
                   |
xmelab: *E,CUVMUR (./code/output/synthesis_net.v,1080|19): instance 'tb_risc_cpu.dut@risc_cpu<module>.g864__3680' of design unit 'NAND4XL' is unresolved in 'worklib.risc_cpu:v'.
  NAND4XL g865__1617(.A (n_364), .B (n_363), .C (n_399), .D (n_368), .Y
                   |
xmelab: *E,CUVMUR (./code/output/synthesis_net.v,1082|19): instance 'tb_risc_cpu.dut@risc_cpu<module>.g865__1617' of design unit 'NAND4XL' is unresolved in 'worklib.risc_cpu:v'.
  NAND4XL g866__2802(.A (n_348), .B (n_340), .C (n_357), .D (n_366), .Y
                   |
xmelab: *E,CUVMUR (./code/output/synthesis_net.v,1084|19): instance 'tb_risc_cpu.dut@risc_cpu<module>.g866__2802' of design unit 'NAND4XL' is unresolved in 'worklib.risc_cpu:v'.
  NAND4XL g867__1705(.A (n_356), .B (n_354), .C (n_360), .D (n_361), .Y
                   |
xmelab: *E,CUVMUR (./code/output/synthesis_net.v,1086|19): instance 'tb_risc_cpu.dut@risc_cpu<module>.g867__1705' of design unit 'NAND4XL' is unresolved in 'worklib.risc_cpu:v'.
  NAND4XL g868__5122(.A (n_346), .B (n_344), .C (n_353), .D (n_355), .Y
                   |
xmelab: *E,CUVMUR (./code/output/synthesis_net.v,1088|19): instance 'tb_risc_cpu.dut@risc_cpu<module>.g868__5122' of design unit 'NAND4XL' is unresolved in 'worklib.risc_cpu:v'.
  NAND4XL g869__8246(.A (n_347), .B (n_345), .C (n_350), .D (n_352), .Y
                   |
xmelab: *E,CUVMUR (./code/output/synthesis_net.v,1090|19): instance 'tb_risc_cpu.dut@risc_cpu<module>.g869__8246' of design unit 'NAND4XL' is unresolved in 'worklib.risc_cpu:v'.
  NAND4XL g870__7098(.A (n_338), .B (n_337), .C (n_341), .D (n_342), .Y
                   |
xmelab: *E,CUVMUR (./code/output/synthesis_net.v,1092|19): instance 'tb_risc_cpu.dut@risc_cpu<module>.g870__7098' of design unit 'NAND4XL' is unresolved in 'worklib.risc_cpu:v'.
  NAND4XL g871__6131(.A (n_332), .B (n_326), .C (n_336), .D (n_339), .Y
                   |
xmelab: *E,CUVMUR (./code/output/synthesis_net.v,1094|19): instance 'tb_risc_cpu.dut@risc_cpu<module>.g871__6131' of design unit 'NAND4XL' is unresolved in 'worklib.risc_cpu:v'.
  NAND4XL g872__1881(.A (n_305), .B (n_288), .C (n_343), .D (n_378), .Y
                   |
xmelab: *E,CUVMUR (./code/output/synthesis_net.v,1096|19): instance 'tb_risc_cpu.dut@risc_cpu<module>.g872__1881' of design unit 'NAND4XL' is unresolved in 'worklib.risc_cpu:v'.
  NAND4XL g873__5115(.A (n_396), .B (n_395), .C (n_398), .D (n_367), .Y
                   |
xmelab: *E,CUVMUR (./code/output/synthesis_net.v,1098|19): instance 'tb_risc_cpu.dut@risc_cpu<module>.g873__5115' of design unit 'NAND4XL' is unresolved in 'worklib.risc_cpu:v'.
  NAND4XL g874__7482(.A (n_317), .B (n_314), .C (n_322), .D (n_325), .Y
                   |
xmelab: *E,CUVMUR (./code/output/synthesis_net.v,1100|19): instance 'tb_risc_cpu.dut@risc_cpu<module>.g874__7482' of design unit 'NAND4XL' is unresolved in 'worklib.risc_cpu:v'.
  NAND4XL g875__4733(.A (n_324), .B (n_323), .C (n_327), .D (n_328), .Y
                   |
xmelab: *E,CUVMUR (./code/output/synthesis_net.v,1102|19): instance 'tb_risc_cpu.dut@risc_cpu<module>.g875__4733' of design unit 'NAND4XL' is unresolved in 'worklib.risc_cpu:v'.
  NAND4XL g876__6161(.A (n_316), .B (n_315), .C (n_320), .D (n_321), .Y
                   |
xmelab: *E,CUVMUR (./code/output/synthesis_net.v,1104|19): instance 'tb_risc_cpu.dut@risc_cpu<module>.g876__6161' of design unit 'NAND4XL' is unresolved in 'worklib.risc_cpu:v'.
  NAND4XL g877__9315(.A (n_304), .B (n_302), .C (n_306), .D (n_309), .Y
                   |
xmelab: *E,CUVMUR (./code/output/synthesis_net.v,1106|19): instance 'tb_risc_cpu.dut@risc_cpu<module>.g877__9315' of design unit 'NAND4XL' is unresolved in 'worklib.risc_cpu:v'.
  NAND4XL g878__9945(.A (n_362), .B (n_308), .C (n_312), .D (n_313), .Y
                   |
xmelab: *E,CUVMUR (./code/output/synthesis_net.v,1108|19): instance 'tb_risc_cpu.dut@risc_cpu<module>.g878__9945' of design unit 'NAND4XL' is unresolved in 'worklib.risc_cpu:v'.
  NAND4XL g879__2883(.A (n_349), .B (n_300), .C (n_310), .D (n_358), .Y
                   |
xmelab: *E,CUVMUR (./code/output/synthesis_net.v,1110|19): instance 'tb_risc_cpu.dut@risc_cpu<module>.g879__2883' of design unit 'NAND4XL' is unresolved in 'worklib.risc_cpu:v'.
  NAND4XL g880__2346(.A (n_296), .B (n_293), .C (n_301), .D (n_335), .Y
                   |
xmelab: *E,CUVMUR (./code/output/synthesis_net.v,1112|19): instance 'tb_risc_cpu.dut@risc_cpu<module>.g880__2346' of design unit 'NAND4XL' is unresolved in 'worklib.risc_cpu:v'.
  NAND4XL g881__1666(.A (n_295), .B (n_294), .C (n_298), .D (n_299), .Y
                   |
xmelab: *E,CUVMUR (./code/output/synthesis_net.v,1114|19): instance 'tb_risc_cpu.dut@risc_cpu<module>.g881__1666' of design unit 'NAND4XL' is unresolved in 'worklib.risc_cpu:v'.
  NAND4XL g882__7410(.A (n_290), .B (n_276), .C (n_297), .D (n_307), .Y
                   |
xmelab: *E,CUVMUR (./code/output/synthesis_net.v,1116|19): instance 'tb_risc_cpu.dut@risc_cpu<module>.g882__7410' of design unit 'NAND4XL' is unresolved in 'worklib.risc_cpu:v'.
  NAND4XL g883__6417(.A (n_289), .B (n_286), .C (n_291), .D (n_292), .Y
                   |
xmelab: *E,CUVMUR (./code/output/synthesis_net.v,1118|19): instance 'tb_risc_cpu.dut@risc_cpu<module>.g883__6417' of design unit 'NAND4XL' is unresolved in 'worklib.risc_cpu:v'.
  NAND4XL g884__5477(.A (n_281), .B (n_280), .C (n_283), .D (n_287), .Y
                   |
xmelab: *E,CUVMUR (./code/output/synthesis_net.v,1120|19): instance 'tb_risc_cpu.dut@risc_cpu<module>.g884__5477' of design unit 'NAND4XL' is unresolved in 'worklib.risc_cpu:v'.
  NAND4XL g885__2398(.A (n_282), .B (n_279), .C (n_284), .D (n_285), .Y
                   |
xmelab: *E,CUVMUR (./code/output/synthesis_net.v,1122|19): instance 'tb_risc_cpu.dut@risc_cpu<module>.g885__2398' of design unit 'NAND4XL' is unresolved in 'worklib.risc_cpu:v'.
  NAND4XL g886__5107(.A (n_275), .B (n_273), .C (n_277), .D (n_278), .Y
                   |
xmelab: *E,CUVMUR (./code/output/synthesis_net.v,1124|19): instance 'tb_risc_cpu.dut@risc_cpu<module>.g886__5107' of design unit 'NAND4XL' is unresolved in 'worklib.risc_cpu:v'.
  NAND4XL g887__6260(.A (n_397), .B (n_394), .C (n_272), .D (n_274), .Y
                   |
xmelab: *E,CUVMUR (./code/output/synthesis_net.v,1126|19): instance 'tb_risc_cpu.dut@risc_cpu<module>.g887__6260' of design unit 'NAND4XL' is unresolved in 'worklib.risc_cpu:v'.
  NAND4XL g888__4319(.A (n_318), .B (n_311), .C (n_319), .D (n_330), .Y
                   |
xmelab: *E,CUVMUR (./code/output/synthesis_net.v,1128|19): instance 'tb_risc_cpu.dut@risc_cpu<module>.g888__4319' of design unit 'NAND4XL' is unresolved in 'worklib.risc_cpu:v'.
  AOI22X1 g889__8428(.A0 (\u_mem_mem[3] [1]), .A1 (u_mem_n_696), .B0
                   |
xmelab: *E,CUVMUR (./code/output/synthesis_net.v,1130|19): instance 'tb_risc_cpu.dut@risc_cpu<module>.g889__8428' of design unit 'AOI22X1' is unresolved in 'worklib.risc_cpu:v'.
  AOI22X1 g890__5526(.A0 (\u_mem_mem[3] [2]), .A1 (u_mem_n_696), .B0
                   |
xmelab: *E,CUVMUR (./code/output/synthesis_net.v,1132|19): instance 'tb_risc_cpu.dut@risc_cpu<module>.g890__5526' of design unit 'AOI22X1' is unresolved in 'worklib.risc_cpu:v'.
  AOI22X1 g891__6783(.A0 (\u_mem_mem[13] [5]), .A1 (u_mem_n_686), .B0
                   |
xmelab: *E,CUVMUR (./code/output/synthesis_net.v,1134|19): instance 'tb_risc_cpu.dut@risc_cpu<module>.g891__6783' of design unit 'AOI22X1' is unresolved in 'worklib.risc_cpu:v'.
  AOI22X1 g892__3680(.A0 (\u_mem_mem[5] [2]), .A1 (u_mem_n_694), .B0
                   |
xmelab: *E,CUVMUR (./code/output/synthesis_net.v,1136|19): instance 'tb_risc_cpu.dut@risc_cpu<module>.g892__3680' of design unit 'AOI22X1' is unresolved in 'worklib.risc_cpu:v'.
  AOI22X1 g893__1617(.A0 (\u_mem_mem[7] [2]), .A1 (u_mem_n_692), .B0
                   |
xmelab: *E,CUVMUR (./code/output/synthesis_net.v,1138|19): instance 'tb_risc_cpu.dut@risc_cpu<module>.g893__1617' of design unit 'AOI22X1' is unresolved in 'worklib.risc_cpu:v'.
  AOI22X1 g894__2802(.A0 (\u_mem_mem[15] [5]), .A1 (u_mem_n_684), .B0
                   |
xmelab: *E,CUVMUR (./code/output/synthesis_net.v,1140|19): instance 'tb_risc_cpu.dut@risc_cpu<module>.g894__2802' of design unit 'AOI22X1' is unresolved in 'worklib.risc_cpu:v'.
  AOI22X1 g895__1705(.A0 (\u_mem_mem[1] [6]), .A1 (u_mem_n_698), .B0
                   |
xmelab: *E,CUVMUR (./code/output/synthesis_net.v,1142|19): instance 'tb_risc_cpu.dut@risc_cpu<module>.g895__1705' of design unit 'AOI22X1' is unresolved in 'worklib.risc_cpu:v'.
  AOI22X1 g896__5122(.A0 (\u_mem_mem[9] [2]), .A1 (u_mem_n_690), .B0
                   |
xmelab: *E,CUVMUR (./code/output/synthesis_net.v,1144|19): instance 'tb_risc_cpu.dut@risc_cpu<module>.g896__5122' of design unit 'AOI22X1' is unresolved in 'worklib.risc_cpu:v'.
  AOI22X1 g897__8246(.A0 (\u_mem_mem[11] [2]), .A1 (u_mem_n_688), .B0
                   |
xmelab: *E,CUVMUR (./code/output/synthesis_net.v,1146|19): instance 'tb_risc_cpu.dut@risc_cpu<module>.g897__8246' of design unit 'AOI22X1' is unresolved in 'worklib.risc_cpu:v'.
  AOI22X1 g898__7098(.A0 (\u_mem_mem[17] [7]), .A1 (u_mem_n_682), .B0
                   |
xmelab: *E,CUVMUR (./code/output/synthesis_net.v,1148|19): instance 'tb_risc_cpu.dut@risc_cpu<module>.g898__7098' of design unit 'AOI22X1' is unresolved in 'worklib.risc_cpu:v'.
  AOI22X1 g899__6131(.A0 (\u_mem_mem[3] [6]), .A1 (u_mem_n_696), .B0
                   |
xmelab: *E,CUVMUR (./code/output/synthesis_net.v,1150|19): instance 'tb_risc_cpu.dut@risc_cpu<module>.g899__6131' of design unit 'AOI22X1' is unresolved in 'worklib.risc_cpu:v'.
  AOI22X1 g900__1881(.A0 (\u_mem_mem[13] [2]), .A1 (u_mem_n_686), .B0
                   |
xmelab: *E,CUVMUR (./code/output/synthesis_net.v,1152|19): instance 'tb_risc_cpu.dut@risc_cpu<module>.g900__1881' of design unit 'AOI22X1' is unresolved in 'worklib.risc_cpu:v'.
  AOI22X1 g901__5115(.A0 (\u_mem_mem[17] [5]), .A1 (u_mem_n_682), .B0
                   |
xmelab: *E,CUVMUR (./code/output/synthesis_net.v,1154|19): instance 'tb_risc_cpu.dut@risc_cpu<module>.g901__5115' of design unit 'AOI22X1' is unresolved in 'worklib.risc_cpu:v'.
  AOI22X1 g902__7482(.A0 (\u_mem_mem[15] [2]), .A1 (u_mem_n_684), .B0
                   |
xmelab: *E,CUVMUR (./code/output/synthesis_net.v,1156|19): instance 'tb_risc_cpu.dut@risc_cpu<module>.g902__7482' of design unit 'AOI22X1' is unresolved in 'worklib.risc_cpu:v'.
  AOI22X1 g903__4733(.A0 (\u_mem_mem[19] [5]), .A1 (u_mem_n_680), .B0
                   |
xmelab: *E,CUVMUR (./code/output/synthesis_net.v,1158|19): instance 'tb_risc_cpu.dut@risc_cpu<module>.g903__4733' of design unit 'AOI22X1' is unresolved in 'worklib.risc_cpu:v'.
  AOI22X1 g904__6161(.A0 (\u_mem_mem[17] [2]), .A1 (u_mem_n_682), .B0
                   |
xmelab: *E,CUVMUR (./code/output/synthesis_net.v,1160|19): instance 'tb_risc_cpu.dut@risc_cpu<module>.g904__6161' of design unit 'AOI22X1' is unresolved in 'worklib.risc_cpu:v'.
  AOI22X1 g905__9315(.A0 (\u_mem_mem[19] [2]), .A1 (u_mem_n_680), .B0
                   |
xmelab: *E,CUVMUR (./code/output/synthesis_net.v,1162|19): instance 'tb_risc_cpu.dut@risc_cpu<module>.g905__9315' of design unit 'AOI22X1' is unresolved in 'worklib.risc_cpu:v'.
  AOI22X1 g906__9945(.A0 (\u_mem_mem[5] [6]), .A1 (u_mem_n_694), .B0
                   |
xmelab: *E,CUVMUR (./code/output/synthesis_net.v,1164|19): instance 'tb_risc_cpu.dut@risc_cpu<module>.g906__9945' of design unit 'AOI22X1' is unresolved in 'worklib.risc_cpu:v'.
  AOI22X1 g907__2883(.A0 (\u_mem_mem[21] [5]), .A1 (u_mem_n_678), .B0
                   |
xmelab: *E,CUVMUR (./code/output/synthesis_net.v,1166|19): instance 'tb_risc_cpu.dut@risc_cpu<module>.g907__2883' of design unit 'AOI22X1' is unresolved in 'worklib.risc_cpu:v'.
  AOI22X1 g908__2346(.A0 (\u_mem_mem[21] [2]), .A1 (u_mem_n_678), .B0
                   |
xmelab: *E,CUVMUR (./code/output/synthesis_net.v,1168|19): instance 'tb_risc_cpu.dut@risc_cpu<module>.g908__2346' of design unit 'AOI22X1' is unresolved in 'worklib.risc_cpu:v'.
  AOI22X1 g909__1666(.A0 (\u_mem_mem[23] [2]), .A1 (u_mem_n_676), .B0
                   |
xmelab: *E,CUVMUR (./code/output/synthesis_net.v,1170|19): instance 'tb_risc_cpu.dut@risc_cpu<module>.g909__1666' of design unit 'AOI22X1' is unresolved in 'worklib.risc_cpu:v'.
  AOI22X1 g910__7410(.A0 (\u_mem_mem[9] [7]), .A1 (u_mem_n_690), .B0
                   |
xmelab: *E,CUVMUR (./code/output/synthesis_net.v,1172|19): instance 'tb_risc_cpu.dut@risc_cpu<module>.g910__7410' of design unit 'AOI22X1' is unresolved in 'worklib.risc_cpu:v'.
  AOI22X1 g911__6417(.A0 (\u_mem_mem[25] [2]), .A1 (u_mem_n_674), .B0
                   |
xmelab: *E,CUVMUR (./code/output/synthesis_net.v,1174|19): instance 'tb_risc_cpu.dut@risc_cpu<module>.g911__6417' of design unit 'AOI22X1' is unresolved in 'worklib.risc_cpu:v'.
  AOI22X1 g912__5477(.A0 (\u_mem_mem[23] [5]), .A1 (u_mem_n_676), .B0
                   |
xmelab: *E,CUVMUR (./code/output/synthesis_net.v,1176|19): instance 'tb_risc_cpu.dut@risc_cpu<module>.g912__5477' of design unit 'AOI22X1' is unresolved in 'worklib.risc_cpu:v'.
  AOI22X1 g913__2398(.A0 (\u_mem_mem[27] [2]), .A1 (u_mem_n_672), .B0
                   |
xmelab: *E,CUVMUR (./code/output/synthesis_net.v,1178|19): instance 'tb_risc_cpu.dut@risc_cpu<module>.g913__2398' of design unit 'AOI22X1' is unresolved in 'worklib.risc_cpu:v'.
  AOI22X1 g914__5107(.A0 (\u_mem_mem[19] [7]), .A1 (u_mem_n_680), .B0
                   |
xmelab: *E,CUVMUR (./code/output/synthesis_net.v,1180|19): instance 'tb_risc_cpu.dut@risc_cpu<module>.g914__5107' of design unit 'AOI22X1' is unresolved in 'worklib.risc_cpu:v'.
  AOI22X1 g915__6260(.A0 (\u_mem_mem[7] [6]), .A1 (u_mem_n_692), .B0
                   |
xmelab: *E,CUVMUR (./code/output/synthesis_net.v,1182|19): instance 'tb_risc_cpu.dut@risc_cpu<module>.g915__6260' of design unit 'AOI22X1' is unresolved in 'worklib.risc_cpu:v'.
  AOI22X1 g916__4319(.A0 (\u_mem_mem[29] [2]), .A1 (u_mem_n_670), .B0
                   |
xmelab: *E,CUVMUR (./code/output/synthesis_net.v,1184|19): instance 'tb_risc_cpu.dut@risc_cpu<module>.g916__4319' of design unit 'AOI22X1' is unresolved in 'worklib.risc_cpu:v'.
  AOI22X1 g917__8428(.A0 (\u_mem_mem[25] [5]), .A1 (u_mem_n_674), .B0
                   |
xmelab: *E,CUVMUR (./code/output/synthesis_net.v,1186|19): instance 'tb_risc_cpu.dut@risc_cpu<module>.g917__8428' of design unit 'AOI22X1' is unresolved in 'worklib.risc_cpu:v'.
  AOI22X1 g918__5526(.A0 (\u_mem_mem[31] [2]), .A1 (u_mem_n_668), .B0
                   |
xmelab: *E,CUVMUR (./code/output/synthesis_net.v,1188|19): instance 'tb_risc_cpu.dut@risc_cpu<module>.g918__5526' of design unit 'AOI22X1' is unresolved in 'worklib.risc_cpu:v'.
  AOI22X1 g919__6783(.A0 (\u_mem_mem[27] [5]), .A1 (u_mem_n_672), .B0
                   |
xmelab: *E,CUVMUR (./code/output/synthesis_net.v,1190|19): instance 'tb_risc_cpu.dut@risc_cpu<module>.g919__6783' of design unit 'AOI22X1' is unresolved in 'worklib.risc_cpu:v'.
  AOI22X1 g920__3680(.A0 (\u_mem_mem[1] [1]), .A1 (u_mem_n_698), .B0
                   |
xmelab: *E,CUVMUR (./code/output/synthesis_net.v,1192|19): instance 'tb_risc_cpu.dut@risc_cpu<module>.g920__3680' of design unit 'AOI22X1' is unresolved in 'worklib.risc_cpu:v'.
  AOI22X1 g921__1617(.A0 (\u_mem_mem[1] [2]), .A1 (u_mem_n_698), .B0
                   |
xmelab: *E,CUVMUR (./code/output/synthesis_net.v,1194|19): instance 'tb_risc_cpu.dut@risc_cpu<module>.g921__1617' of design unit 'AOI22X1' is unresolved in 'worklib.risc_cpu:v'.
  AOI22X1 g922__2802(.A0 (\u_mem_mem[9] [6]), .A1 (u_mem_n_690), .B0
                   |
xmelab: *E,CUVMUR (./code/output/synthesis_net.v,1196|19): instance 'tb_risc_cpu.dut@risc_cpu<module>.g922__2802' of design unit 'AOI22X1' is unresolved in 'worklib.risc_cpu:v'.
  AOI22X1 g923__1705(.A0 (\u_mem_mem[29] [5]), .A1 (u_mem_n_670), .B0
                   |
xmelab: *E,CUVMUR (./code/output/synthesis_net.v,1198|19): instance 'tb_risc_cpu.dut@risc_cpu<module>.g923__1705' of design unit 'AOI22X1' is unresolved in 'worklib.risc_cpu:v'.
  AOI22X1 g924__5122(.A0 (\u_mem_mem[5] [1]), .A1 (u_mem_n_694), .B0
                   |
xmelab: *E,CUVMUR (./code/output/synthesis_net.v,1200|19): instance 'tb_risc_cpu.dut@risc_cpu<module>.g924__5122' of design unit 'AOI22X1' is unresolved in 'worklib.risc_cpu:v'.
  AOI22X1 g925__8246(.A0 (\u_mem_mem[7] [1]), .A1 (u_mem_n_692), .B0
                   |
xmelab: *E,CUVMUR (./code/output/synthesis_net.v,1202|19): instance 'tb_risc_cpu.dut@risc_cpu<module>.g925__8246' of design unit 'AOI22X1' is unresolved in 'worklib.risc_cpu:v'.
  AOI22X1 g926__7098(.A0 (\u_mem_mem[29] [0]), .A1 (u_mem_n_670), .B0
                   |
xmelab: *E,CUVMUR (./code/output/synthesis_net.v,1204|19): instance 'tb_risc_cpu.dut@risc_cpu<module>.g926__7098' of design unit 'AOI22X1' is unresolved in 'worklib.risc_cpu:v'.
  AOI22X1 g927__6131(.A0 (\u_mem_mem[9] [1]), .A1 (u_mem_n_690), .B0
                   |
xmelab: *E,CUVMUR (./code/output/synthesis_net.v,1206|19): instance 'tb_risc_cpu.dut@risc_cpu<module>.g927__6131' of design unit 'AOI22X1' is unresolved in 'worklib.risc_cpu:v'.
  AOI22X1 g928__1881(.A0 (\u_mem_mem[11] [1]), .A1 (u_mem_n_688), .B0
                   |
xmelab: *E,CUVMUR (./code/output/synthesis_net.v,1208|19): instance 'tb_risc_cpu.dut@risc_cpu<module>.g928__1881' of design unit 'AOI22X1' is unresolved in 'worklib.risc_cpu:v'.
  AOI22X1 g929__5115(.A0 (\u_mem_mem[31] [5]), .A1 (u_mem_n_668), .B0
                   |
xmelab: *E,CUVMUR (./code/output/synthesis_net.v,1210|19): instance 'tb_risc_cpu.dut@risc_cpu<module>.g929__5115' of design unit 'AOI22X1' is unresolved in 'worklib.risc_cpu:v'.
  AOI22X1 g930__7482(.A0 (\u_mem_mem[1] [7]), .A1 (u_mem_n_698), .B0
                   |
xmelab: *E,CUVMUR (./code/output/synthesis_net.v,1212|19): instance 'tb_risc_cpu.dut@risc_cpu<module>.g930__7482' of design unit 'AOI22X1' is unresolved in 'worklib.risc_cpu:v'.
  AOI22X1 g931__4733(.A0 (\u_mem_mem[11] [6]), .A1 (u_mem_n_688), .B0
                   |
xmelab: *E,CUVMUR (./code/output/synthesis_net.v,1214|19): instance 'tb_risc_cpu.dut@risc_cpu<module>.g931__4733' of design unit 'AOI22X1' is unresolved in 'worklib.risc_cpu:v'.
  AOI22X1 g932__6161(.A0 (\u_mem_mem[13] [1]), .A1 (u_mem_n_686), .B0
                   |
xmelab: *E,CUVMUR (./code/output/synthesis_net.v,1216|19): instance 'tb_risc_cpu.dut@risc_cpu<module>.g932__6161' of design unit 'AOI22X1' is unresolved in 'worklib.risc_cpu:v'.
  AOI22X1 g933__9315(.A0 (\u_mem_mem[1] [4]), .A1 (u_mem_n_698), .B0
                   |
xmelab: *E,CUVMUR (./code/output/synthesis_net.v,1218|19): instance 'tb_risc_cpu.dut@risc_cpu<module>.g933__9315' of design unit 'AOI22X1' is unresolved in 'worklib.risc_cpu:v'.
  AOI22X1 g934__9945(.A0 (\u_mem_mem[15] [1]), .A1 (u_mem_n_684), .B0
                   |
xmelab: *E,CUVMUR (./code/output/synthesis_net.v,1220|19): instance 'tb_risc_cpu.dut@risc_cpu<module>.g934__9945' of design unit 'AOI22X1' is unresolved in 'worklib.risc_cpu:v'.
  AOI22X1 g935__2883(.A0 (\u_mem_mem[3] [4]), .A1 (u_mem_n_696), .B0
                   |
xmelab: *E,CUVMUR (./code/output/synthesis_net.v,1222|19): instance 'tb_risc_cpu.dut@risc_cpu<module>.g935__2883' of design unit 'AOI22X1' is unresolved in 'worklib.risc_cpu:v'.
  AOI22X1 g936__2346(.A0 (\u_mem_mem[17] [1]), .A1 (u_mem_n_682), .B0
                   |
xmelab: *E,CUVMUR (./code/output/synthesis_net.v,1224|19): instance 'tb_risc_cpu.dut@risc_cpu<module>.g936__2346' of design unit 'AOI22X1' is unresolved in 'worklib.risc_cpu:v'.
  AOI22X1 g937__1666(.A0 (\u_mem_mem[21] [7]), .A1 (u_mem_n_678), .B0
                   |
xmelab: *E,CUVMUR (./code/output/synthesis_net.v,1226|19): instance 'tb_risc_cpu.dut@risc_cpu<module>.g937__1666' of design unit 'AOI22X1' is unresolved in 'worklib.risc_cpu:v'.
  AOI22X1 g938__7410(.A0 (\u_mem_mem[19] [1]), .A1 (u_mem_n_680), .B0
                   |
xmelab: *E,CUVMUR (./code/output/synthesis_net.v,1228|19): instance 'tb_risc_cpu.dut@risc_cpu<module>.g938__7410' of design unit 'AOI22X1' is unresolved in 'worklib.risc_cpu:v'.
  AOI22X1 g939__6417(.A0 (\u_mem_mem[5] [7]), .A1 (u_mem_n_694), .B0
                   |
xmelab: *E,CUVMUR (./code/output/synthesis_net.v,1230|19): instance 'tb_risc_cpu.dut@risc_cpu<module>.g939__6417' of design unit 'AOI22X1' is unresolved in 'worklib.risc_cpu:v'.
  AOI22X1 g940__5477(.A0 (\u_mem_mem[13] [6]), .A1 (u_mem_n_686), .B0
                   |
xmelab: *E,CUVMUR (./code/output/synthesis_net.v,1232|19): instance 'tb_risc_cpu.dut@risc_cpu<module>.g940__5477' of design unit 'AOI22X1' is unresolved in 'worklib.risc_cpu:v'.
  AOI22X1 g941__2398(.A0 (\u_mem_mem[21] [1]), .A1 (u_mem_n_678), .B0
                   |
xmelab: *E,CUVMUR (./code/output/synthesis_net.v,1234|19): instance 'tb_risc_cpu.dut@risc_cpu<module>.g941__2398' of design unit 'AOI22X1' is unresolved in 'worklib.risc_cpu:v'.
  AOI22X1 g942__5107(.A0 (\u_mem_mem[5] [4]), .A1 (u_mem_n_694), .B0
                   |
xmelab: *E,CUVMUR (./code/output/synthesis_net.v,1236|19): instance 'tb_risc_cpu.dut@risc_cpu<module>.g942__5107' of design unit 'AOI22X1' is unresolved in 'worklib.risc_cpu:v'.
  AOI22X1 g943__6260(.A0 (\u_mem_mem[23] [1]), .A1 (u_mem_n_676), .B0
                   |
xmelab: *E,CUVMUR (./code/output/synthesis_net.v,1238|19): instance 'tb_risc_cpu.dut@risc_cpu<module>.g943__6260' of design unit 'AOI22X1' is unresolved in 'worklib.risc_cpu:v'.
  AOI22X1 g944__4319(.A0 (\u_mem_mem[7] [4]), .A1 (u_mem_n_692), .B0
                   |
xmelab: *E,CUVMUR (./code/output/synthesis_net.v,1240|19): instance 'tb_risc_cpu.dut@risc_cpu<module>.g944__4319' of design unit 'AOI22X1' is unresolved in 'worklib.risc_cpu:v'.
  AOI22X1 g945__8428(.A0 (\u_mem_mem[11] [7]), .A1 (u_mem_n_688), .B0
                   |
xmelab: *E,CUVMUR (./code/output/synthesis_net.v,1242|19): instance 'tb_risc_cpu.dut@risc_cpu<module>.g945__8428' of design unit 'AOI22X1' is unresolved in 'worklib.risc_cpu:v'.
  AOI22X1 g946__5526(.A0 (\u_mem_mem[25] [1]), .A1 (u_mem_n_674), .B0
                   |
xmelab: *E,CUVMUR (./code/output/synthesis_net.v,1244|19): instance 'tb_risc_cpu.dut@risc_cpu<module>.g946__5526' of design unit 'AOI22X1' is unresolved in 'worklib.risc_cpu:v'.
  AOI22X1 g947__6783(.A0 (\u_mem_mem[27] [1]), .A1 (u_mem_n_672), .B0
                   |
xmelab: *E,CUVMUR (./code/output/synthesis_net.v,1246|19): instance 'tb_risc_cpu.dut@risc_cpu<module>.g947__6783' of design unit 'AOI22X1' is unresolved in 'worklib.risc_cpu:v'.
  AOI22X1 g948__3680(.A0 (\u_mem_mem[15] [6]), .A1 (u_mem_n_684), .B0
                   |
xmelab: *E,CUVMUR (./code/output/synthesis_net.v,1248|19): instance 'tb_risc_cpu.dut@risc_cpu<module>.g948__3680' of design unit 'AOI22X1' is unresolved in 'worklib.risc_cpu:v'.
  AOI22X1 g949__1617(.A0 (\u_mem_mem[9] [4]), .A1 (u_mem_n_690), .B0
                   |
xmelab: *E,CUVMUR (./code/output/synthesis_net.v,1250|19): instance 'tb_risc_cpu.dut@risc_cpu<module>.g949__1617' of design unit 'AOI22X1' is unresolved in 'worklib.risc_cpu:v'.
  AOI22X1 g950__2802(.A0 (\u_mem_mem[29] [1]), .A1 (u_mem_n_670), .B0
                   |
xmelab: *E,CUVMUR (./code/output/synthesis_net.v,1252|19): instance 'tb_risc_cpu.dut@risc_cpu<module>.g950__2802' of design unit 'AOI22X1' is unresolved in 'worklib.risc_cpu:v'.
  AOI22X1 g951__1705(.A0 (\u_mem_mem[31] [1]), .A1 (u_mem_n_668), .B0
                   |
xmelab: *E,CUVMUR (./code/output/synthesis_net.v,1254|19): instance 'tb_risc_cpu.dut@risc_cpu<module>.g951__1705' of design unit 'AOI22X1' is unresolved in 'worklib.risc_cpu:v'.
  AOI22X1 g952__5122(.A0 (\u_mem_mem[11] [4]), .A1 (u_mem_n_688), .B0
                   |
xmelab: *E,CUVMUR (./code/output/synthesis_net.v,1256|19): instance 'tb_risc_cpu.dut@risc_cpu<module>.g952__5122' of design unit 'AOI22X1' is unresolved in 'worklib.risc_cpu:v'.
  AOI22X1 g953__8246(.A0 (\u_mem_mem[25] [6]), .A1 (u_mem_n_674), .B0
                   |
xmelab: *E,CUVMUR (./code/output/synthesis_net.v,1258|19): instance 'tb_risc_cpu.dut@risc_cpu<module>.g953__8246' of design unit 'AOI22X1' is unresolved in 'worklib.risc_cpu:v'.
  AOI22X1 g954__7098(.A0 (\u_mem_mem[3] [0]), .A1 (u_mem_n_696), .B0
                   |
xmelab: *E,CUVMUR (./code/output/synthesis_net.v,1260|19): instance 'tb_risc_cpu.dut@risc_cpu<module>.g954__7098' of design unit 'AOI22X1' is unresolved in 'worklib.risc_cpu:v'.
  AOI22X1 g955__6131(.A0 (\u_mem_mem[23] [7]), .A1 (u_mem_n_676), .B0
                   |
xmelab: *E,CUVMUR (./code/output/synthesis_net.v,1262|19): instance 'tb_risc_cpu.dut@risc_cpu<module>.g955__6131' of design unit 'AOI22X1' is unresolved in 'worklib.risc_cpu:v'.
  AOI22X1 g956__1881(.A0 (\u_mem_mem[13] [4]), .A1 (u_mem_n_686), .B0
                   |
xmelab: *E,CUVMUR (./code/output/synthesis_net.v,1264|19): instance 'tb_risc_cpu.dut@risc_cpu<module>.g956__1881' of design unit 'AOI22X1' is unresolved in 'worklib.risc_cpu:v'.
  AOI22X1 g957__5115(.A0 (\u_mem_mem[5] [0]), .A1 (u_mem_n_694), .B0
                   |
xmelab: *E,CUVMUR (./code/output/synthesis_net.v,1266|19): instance 'tb_risc_cpu.dut@risc_cpu<module>.g957__5115' of design unit 'AOI22X1' is unresolved in 'worklib.risc_cpu:v'.
  AOI22X1 g958__7482(.A0 (\u_mem_mem[17] [6]), .A1 (u_mem_n_682), .B0
                   |
xmelab: *E,CUVMUR (./code/output/synthesis_net.v,1268|19): instance 'tb_risc_cpu.dut@risc_cpu<module>.g958__7482' of design unit 'AOI22X1' is unresolved in 'worklib.risc_cpu:v'.
  AOI22X1 g959__4733(.A0 (\u_mem_mem[7] [0]), .A1 (u_mem_n_692), .B0
                   |
xmelab: *E,CUVMUR (./code/output/synthesis_net.v,1270|19): instance 'tb_risc_cpu.dut@risc_cpu<module>.g959__4733' of design unit 'AOI22X1' is unresolved in 'worklib.risc_cpu:v'.
  AOI22X1 g960__6161(.A0 (\u_mem_mem[9] [0]), .A1 (u_mem_n_690), .B0
                   |
xmelab: *E,CUVMUR (./code/output/synthesis_net.v,1272|19): instance 'tb_risc_cpu.dut@risc_cpu<module>.g960__6161' of design unit 'AOI22X1' is unresolved in 'worklib.risc_cpu:v'.
  AOI22X1 g961__9315(.A0 (\u_mem_mem[11] [0]), .A1 (u_mem_n_688), .B0
                   |
xmelab: *E,CUVMUR (./code/output/synthesis_net.v,1274|19): instance 'tb_risc_cpu.dut@risc_cpu<module>.g961__9315' of design unit 'AOI22X1' is unresolved in 'worklib.risc_cpu:v'.
  AOI22X1 g962__9945(.A0 (\u_mem_mem[15] [4]), .A1 (u_mem_n_684), .B0
                   |
xmelab: *E,CUVMUR (./code/output/synthesis_net.v,1276|19): instance 'tb_risc_cpu.dut@risc_cpu<module>.g962__9945' of design unit 'AOI22X1' is unresolved in 'worklib.risc_cpu:v'.
  AOI22X1 g963__2883(.A0 (\u_mem_mem[17] [4]), .A1 (u_mem_n_682), .B0
                   |
xmelab: *E,CUVMUR (./code/output/synthesis_net.v,1278|19): instance 'tb_risc_cpu.dut@risc_cpu<module>.g963__2883' of design unit 'AOI22X1' is unresolved in 'worklib.risc_cpu:v'.
  AOI22X1 g964__2346(.A0 (\u_mem_mem[13] [0]), .A1 (u_mem_n_686), .B0
                   |
xmelab: *E,CUVMUR (./code/output/synthesis_net.v,1280|19): instance 'tb_risc_cpu.dut@risc_cpu<module>.g964__2346' of design unit 'AOI22X1' is unresolved in 'worklib.risc_cpu:v'.
  AOI22X1 g965__1666(.A0 (\u_mem_mem[15] [0]), .A1 (u_mem_n_684), .B0
                   |
xmelab: *E,CUVMUR (./code/output/synthesis_net.v,1282|19): instance 'tb_risc_cpu.dut@risc_cpu<module>.g965__1666' of design unit 'AOI22X1' is unresolved in 'worklib.risc_cpu:v'.
  AOI22X1 g966__7410(.A0 (\u_mem_mem[19] [4]), .A1 (u_mem_n_680), .B0
                   |
xmelab: *E,CUVMUR (./code/output/synthesis_net.v,1284|19): instance 'tb_risc_cpu.dut@risc_cpu<module>.g966__7410' of design unit 'AOI22X1' is unresolved in 'worklib.risc_cpu:v'.
  AOI22X1 g967__6417(.A0 (\u_mem_mem[17] [0]), .A1 (u_mem_n_682), .B0
                   |
xmelab: *E,CUVMUR (./code/output/synthesis_net.v,1286|19): instance 'tb_risc_cpu.dut@risc_cpu<module>.g967__6417' of design unit 'AOI22X1' is unresolved in 'worklib.risc_cpu:v'.
  AOI22X1 g968__5477(.A0 (\u_mem_mem[19] [0]), .A1 (u_mem_n_680), .B0
                   |
xmelab: *E,CUVMUR (./code/output/synthesis_net.v,1288|19): instance 'tb_risc_cpu.dut@risc_cpu<module>.g968__5477' of design unit 'AOI22X1' is unresolved in 'worklib.risc_cpu:v'.
  AOI22X1 g969__2398(.A0 (\u_mem_mem[19] [6]), .A1 (u_mem_n_680), .B0
                   |
xmelab: *E,CUVMUR (./code/output/synthesis_net.v,1290|19): instance 'tb_risc_cpu.dut@risc_cpu<module>.g969__2398' of design unit 'AOI22X1' is unresolved in 'worklib.risc_cpu:v'.
  AOI22X1 g970__5107(.A0 (\u_mem_mem[21] [6]), .A1 (u_mem_n_678), .B0
                   |
xmelab: *E,CUVMUR (./code/output/synthesis_net.v,1292|19): instance 'tb_risc_cpu.dut@risc_cpu<module>.g970__5107' of design unit 'AOI22X1' is unresolved in 'worklib.risc_cpu:v'.
  AOI22X1 g971__6260(.A0 (\u_mem_mem[21] [4]), .A1 (u_mem_n_678), .B0
                   |
xmelab: *E,CUVMUR (./code/output/synthesis_net.v,1294|19): instance 'tb_risc_cpu.dut@risc_cpu<module>.g971__6260' of design unit 'AOI22X1' is unresolved in 'worklib.risc_cpu:v'.
  AOI22X1 g972__4319(.A0 (\u_mem_mem[21] [0]), .A1 (u_mem_n_678), .B0
                   |
xmelab: *E,CUVMUR (./code/output/synthesis_net.v,1296|19): instance 'tb_risc_cpu.dut@risc_cpu<module>.g972__4319' of design unit 'AOI22X1' is unresolved in 'worklib.risc_cpu:v'.
  AOI22X1 g973__8428(.A0 (\u_mem_mem[23] [0]), .A1 (u_mem_n_676), .B0
                   |
xmelab: *E,CUVMUR (./code/output/synthesis_net.v,1298|19): instance 'tb_risc_cpu.dut@risc_cpu<module>.g973__8428' of design unit 'AOI22X1' is unresolved in 'worklib.risc_cpu:v'.
  AOI22X1 g974__5526(.A0 (\u_mem_mem[23] [4]), .A1 (u_mem_n_676), .B0
                   |
xmelab: *E,CUVMUR (./code/output/synthesis_net.v,1300|19): instance 'tb_risc_cpu.dut@risc_cpu<module>.g974__5526' of design unit 'AOI22X1' is unresolved in 'worklib.risc_cpu:v'.
  AOI22X1 g975__6783(.A0 (\u_mem_mem[25] [0]), .A1 (u_mem_n_674), .B0
                   |
xmelab: *E,CUVMUR (./code/output/synthesis_net.v,1302|19): instance 'tb_risc_cpu.dut@risc_cpu<module>.g975__6783' of design unit 'AOI22X1' is unresolved in 'worklib.risc_cpu:v'.
  AOI22X1 g976__3680(.A0 (\u_mem_mem[27] [0]), .A1 (u_mem_n_672), .B0
                   |
xmelab: *E,CUVMUR (./code/output/synthesis_net.v,1304|19): instance 'tb_risc_cpu.dut@risc_cpu<module>.g976__3680' of design unit 'AOI22X1' is unresolved in 'worklib.risc_cpu:v'.
  AOI22X1 g977__1617(.A0 (\u_mem_mem[23] [6]), .A1 (u_mem_n_676), .B0
                   |
xmelab: *E,CUVMUR (./code/output/synthesis_net.v,1306|19): instance 'tb_risc_cpu.dut@risc_cpu<module>.g977__1617' of design unit 'AOI22X1' is unresolved in 'worklib.risc_cpu:v'.
  AOI22X1 g978__2802(.A0 (\u_mem_mem[3] [7]), .A1 (u_mem_n_696), .B0
                   |
xmelab: *E,CUVMUR (./code/output/synthesis_net.v,1308|19): instance 'tb_risc_cpu.dut@risc_cpu<module>.g978__2802' of design unit 'AOI22X1' is unresolved in 'worklib.risc_cpu:v'.
  AOI22X1 g979__1705(.A0 (\u_mem_mem[25] [4]), .A1 (u_mem_n_674), .B0
                   |
xmelab: *E,CUVMUR (./code/output/synthesis_net.v,1310|19): instance 'tb_risc_cpu.dut@risc_cpu<module>.g979__1705' of design unit 'AOI22X1' is unresolved in 'worklib.risc_cpu:v'.
  AOI22X1 g980__5122(.A0 (\u_mem_mem[31] [0]), .A1 (u_mem_n_668), .B0
                   |
xmelab: *E,CUVMUR (./code/output/synthesis_net.v,1312|19): instance 'tb_risc_cpu.dut@risc_cpu<module>.g980__5122' of design unit 'AOI22X1' is unresolved in 'worklib.risc_cpu:v'.
  AOI22X1 g981__8246(.A0 (\u_mem_mem[25] [7]), .A1 (u_mem_n_674), .B0
                   |
xmelab: *E,CUVMUR (./code/output/synthesis_net.v,1314|19): instance 'tb_risc_cpu.dut@risc_cpu<module>.g981__8246' of design unit 'AOI22X1' is unresolved in 'worklib.risc_cpu:v'.
  AOI22X1 g982__7098(.A0 (\u_mem_mem[27] [4]), .A1 (u_mem_n_672), .B0
                   |
xmelab: *E,CUVMUR (./code/output/synthesis_net.v,1316|19): instance 'tb_risc_cpu.dut@risc_cpu<module>.g982__7098' of design unit 'AOI22X1' is unresolved in 'worklib.risc_cpu:v'.
  AOI22X1 g983__6131(.A0 (\u_mem_mem[13] [7]), .A1 (u_mem_n_686), .B0
                   |
xmelab: *E,CUVMUR (./code/output/synthesis_net.v,1318|19): instance 'tb_risc_cpu.dut@risc_cpu<module>.g983__6131' of design unit 'AOI22X1' is unresolved in 'worklib.risc_cpu:v'.
  AOI22X1 g984__1881(.A0 (\u_mem_mem[29] [4]), .A1 (u_mem_n_670), .B0
                   |
xmelab: *E,CUVMUR (./code/output/synthesis_net.v,1320|19): instance 'tb_risc_cpu.dut@risc_cpu<module>.g984__1881' of design unit 'AOI22X1' is unresolved in 'worklib.risc_cpu:v'.
  AOI22X1 g985__5115(.A0 (\u_mem_mem[1] [0]), .A1 (u_mem_n_698), .B0
                   |
xmelab: *E,CUVMUR (./code/output/synthesis_net.v,1322|19): instance 'tb_risc_cpu.dut@risc_cpu<module>.g985__5115' of design unit 'AOI22X1' is unresolved in 'worklib.risc_cpu:v'.
  AOI22X1 g986__7482(.A0 (\u_mem_mem[31] [4]), .A1 (u_mem_n_668), .B0
                   |
xmelab: *E,CUVMUR (./code/output/synthesis_net.v,1324|19): instance 'tb_risc_cpu.dut@risc_cpu<module>.g986__7482' of design unit 'AOI22X1' is unresolved in 'worklib.risc_cpu:v'.
  AOI22X1 g987__4733(.A0 (\u_mem_mem[27] [6]), .A1 (u_mem_n_672), .B0
                   |
xmelab: *E,CUVMUR (./code/output/synthesis_net.v,1326|19): instance 'tb_risc_cpu.dut@risc_cpu<module>.g987__4733' of design unit 'AOI22X1' is unresolved in 'worklib.risc_cpu:v'.
  AOI22X1 g988__6161(.A0 (\u_mem_mem[7] [7]), .A1 (u_mem_n_692), .B0
                   |
xmelab: *E,CUVMUR (./code/output/synthesis_net.v,1328|19): instance 'tb_risc_cpu.dut@risc_cpu<module>.g988__6161' of design unit 'AOI22X1' is unresolved in 'worklib.risc_cpu:v'.
  AOI22X1 g989__9315(.A0 (\u_mem_mem[1] [3]), .A1 (u_mem_n_698), .B0
                   |
xmelab: *E,CUVMUR (./code/output/synthesis_net.v,1330|19): instance 'tb_risc_cpu.dut@risc_cpu<module>.g989__9315' of design unit 'AOI22X1' is unresolved in 'worklib.risc_cpu:v'.
  AOI22X1 g990__9945(.A0 (\u_mem_mem[3] [3]), .A1 (u_mem_n_696), .B0
                   |
xmelab: *E,CUVMUR (./code/output/synthesis_net.v,1332|19): instance 'tb_risc_cpu.dut@risc_cpu<module>.g990__9945' of design unit 'AOI22X1' is unresolved in 'worklib.risc_cpu:v'.
  AOI22X1 g991__2883(.A0 (\u_mem_mem[27] [7]), .A1 (u_mem_n_672), .B0
                   |
xmelab: *E,CUVMUR (./code/output/synthesis_net.v,1334|19): instance 'tb_risc_cpu.dut@risc_cpu<module>.g991__2883' of design unit 'AOI22X1' is unresolved in 'worklib.risc_cpu:v'.
  AOI22X1 g992__2346(.A0 (\u_mem_mem[29] [6]), .A1 (u_mem_n_670), .B0
                   |
xmelab: *E,CUVMUR (./code/output/synthesis_net.v,1336|19): instance 'tb_risc_cpu.dut@risc_cpu<module>.g992__2346' of design unit 'AOI22X1' is unresolved in 'worklib.risc_cpu:v'.
  AOI22X1 g993__1666(.A0 (\u_mem_mem[5] [3]), .A1 (u_mem_n_694), .B0
                   |
xmelab: *E,CUVMUR (./code/output/synthesis_net.v,1338|19): instance 'tb_risc_cpu.dut@risc_cpu<module>.g993__1666' of design unit 'AOI22X1' is unresolved in 'worklib.risc_cpu:v'.
  AOI22X1 g994__7410(.A0 (\u_mem_mem[7] [3]), .A1 (u_mem_n_692), .B0
                   |
xmelab: *E,CUVMUR (./code/output/synthesis_net.v,1340|19): instance 'tb_risc_cpu.dut@risc_cpu<module>.g994__7410' of design unit 'AOI22X1' is unresolved in 'worklib.risc_cpu:v'.
  AOI22X1 g995__6417(.A0 (\u_mem_mem[31] [6]), .A1 (u_mem_n_668), .B0
                   |
xmelab: *E,CUVMUR (./code/output/synthesis_net.v,1342|19): instance 'tb_risc_cpu.dut@risc_cpu<module>.g995__6417' of design unit 'AOI22X1' is unresolved in 'worklib.risc_cpu:v'.
  AOI22X1 g996__5477(.A0 (\u_mem_mem[9] [3]), .A1 (u_mem_n_690), .B0
                   |
xmelab: *E,CUVMUR (./code/output/synthesis_net.v,1344|19): instance 'tb_risc_cpu.dut@risc_cpu<module>.g996__5477' of design unit 'AOI22X1' is unresolved in 'worklib.risc_cpu:v'.
  AOI22X1 g997__2398(.A0 (\u_mem_mem[11] [3]), .A1 (u_mem_n_688), .B0
                   |
xmelab: *E,CUVMUR (./code/output/synthesis_net.v,1346|19): instance 'tb_risc_cpu.dut@risc_cpu<module>.g997__2398' of design unit 'AOI22X1' is unresolved in 'worklib.risc_cpu:v'.
  AOI22X1 g998__5107(.A0 (\u_mem_mem[29] [7]), .A1 (u_mem_n_670), .B0
                   |
xmelab: *E,CUVMUR (./code/output/synthesis_net.v,1348|19): instance 'tb_risc_cpu.dut@risc_cpu<module>.g998__5107' of design unit 'AOI22X1' is unresolved in 'worklib.risc_cpu:v'.
  AOI22X1 g999__6260(.A0 (\u_mem_mem[13] [3]), .A1 (u_mem_n_686), .B0
                   |
xmelab: *E,CUVMUR (./code/output/synthesis_net.v,1350|19): instance 'tb_risc_cpu.dut@risc_cpu<module>.g999__6260' of design unit 'AOI22X1' is unresolved in 'worklib.risc_cpu:v'.
  AOI22X1 g1000__4319(.A0 (\u_mem_mem[15] [7]), .A1 (u_mem_n_684), .B0
                    |
xmelab: *E,CUVMUR (./code/output/synthesis_net.v,1352|20): instance 'tb_risc_cpu.dut@risc_cpu<module>.g1000__4319' of design unit 'AOI22X1' is unresolved in 'worklib.risc_cpu:v'.
  AOI22X1 g1001__8428(.A0 (\u_mem_mem[1] [5]), .A1 (u_mem_n_698), .B0
                    |
xmelab: *E,CUVMUR (./code/output/synthesis_net.v,1354|20): instance 'tb_risc_cpu.dut@risc_cpu<module>.g1001__8428' of design unit 'AOI22X1' is unresolved in 'worklib.risc_cpu:v'.
  AOI22X1 g1002__5526(.A0 (\u_mem_mem[15] [3]), .A1 (u_mem_n_684), .B0
                    |
xmelab: *E,CUVMUR (./code/output/synthesis_net.v,1356|20): instance 'tb_risc_cpu.dut@risc_cpu<module>.g1002__5526' of design unit 'AOI22X1' is unresolved in 'worklib.risc_cpu:v'.
  AOI22X1 g1003__6783(.A0 (\u_mem_mem[17] [3]), .A1 (u_mem_n_682), .B0
                    |
xmelab: *E,CUVMUR (./code/output/synthesis_net.v,1358|20): instance 'tb_risc_cpu.dut@risc_cpu<module>.g1003__6783' of design unit 'AOI22X1' is unresolved in 'worklib.risc_cpu:v'.
  AOI22X1 g1004__3680(.A0 (\u_mem_mem[19] [3]), .A1 (u_mem_n_680), .B0
                    |
xmelab: *E,CUVMUR (./code/output/synthesis_net.v,1360|20): instance 'tb_risc_cpu.dut@risc_cpu<module>.g1004__3680' of design unit 'AOI22X1' is unresolved in 'worklib.risc_cpu:v'.
  AOI22X1 g1005__1617(.A0 (\u_mem_mem[3] [5]), .A1 (u_mem_n_696), .B0
                    |
xmelab: *E,CUVMUR (./code/output/synthesis_net.v,1362|20): instance 'tb_risc_cpu.dut@risc_cpu<module>.g1005__1617' of design unit 'AOI22X1' is unresolved in 'worklib.risc_cpu:v'.
  AOI22X1 g1006__2802(.A0 (\u_mem_mem[21] [3]), .A1 (u_mem_n_678), .B0
                    |
xmelab: *E,CUVMUR (./code/output/synthesis_net.v,1364|20): instance 'tb_risc_cpu.dut@risc_cpu<module>.g1006__2802' of design unit 'AOI22X1' is unresolved in 'worklib.risc_cpu:v'.
  AOI22X1 g1007__1705(.A0 (\u_mem_mem[5] [5]), .A1 (u_mem_n_694), .B0
                    |
xmelab: *E,CUVMUR (./code/output/synthesis_net.v,1366|20): instance 'tb_risc_cpu.dut@risc_cpu<module>.g1007__1705' of design unit 'AOI22X1' is unresolved in 'worklib.risc_cpu:v'.
  AOI22X1 g1008__5122(.A0 (\u_mem_mem[7] [5]), .A1 (u_mem_n_692), .B0
                    |
xmelab: *E,CUVMUR (./code/output/synthesis_net.v,1368|20): instance 'tb_risc_cpu.dut@risc_cpu<module>.g1008__5122' of design unit 'AOI22X1' is unresolved in 'worklib.risc_cpu:v'.
  AOI22X1 g1009__8246(.A0 (\u_mem_mem[23] [3]), .A1 (u_mem_n_676), .B0
                    |
xmelab: *E,CUVMUR (./code/output/synthesis_net.v,1370|20): instance 'tb_risc_cpu.dut@risc_cpu<module>.g1009__8246' of design unit 'AOI22X1' is unresolved in 'worklib.risc_cpu:v'.
  AOI22X1 g1010__7098(.A0 (\u_mem_mem[25] [3]), .A1 (u_mem_n_674), .B0
                    |
xmelab: *E,CUVMUR (./code/output/synthesis_net.v,1372|20): instance 'tb_risc_cpu.dut@risc_cpu<module>.g1010__7098' of design unit 'AOI22X1' is unresolved in 'worklib.risc_cpu:v'.
  AOI22X1 g1011__6131(.A0 (\u_mem_mem[27] [3]), .A1 (u_mem_n_672), .B0
                    |
xmelab: *E,CUVMUR (./code/output/synthesis_net.v,1374|20): instance 'tb_risc_cpu.dut@risc_cpu<module>.g1011__6131' of design unit 'AOI22X1' is unresolved in 'worklib.risc_cpu:v'.
  AOI22X1 g1012__1881(.A0 (\u_mem_mem[31] [7]), .A1 (u_mem_n_668), .B0
                    |
xmelab: *E,CUVMUR (./code/output/synthesis_net.v,1376|20): instance 'tb_risc_cpu.dut@risc_cpu<module>.g1012__1881' of design unit 'AOI22X1' is unresolved in 'worklib.risc_cpu:v'.
  AOI22X1 g1013__5115(.A0 (\u_mem_mem[29] [3]), .A1 (u_mem_n_670), .B0
                    |
xmelab: *E,CUVMUR (./code/output/synthesis_net.v,1378|20): instance 'tb_risc_cpu.dut@risc_cpu<module>.g1013__5115' of design unit 'AOI22X1' is unresolved in 'worklib.risc_cpu:v'.
  AOI22X1 g1014__7482(.A0 (\u_mem_mem[9] [5]), .A1 (u_mem_n_690), .B0
                    |
xmelab: *E,CUVMUR (./code/output/synthesis_net.v,1380|20): instance 'tb_risc_cpu.dut@risc_cpu<module>.g1014__7482' of design unit 'AOI22X1' is unresolved in 'worklib.risc_cpu:v'.
  AOI22X1 g1015__4733(.A0 (\u_mem_mem[31] [3]), .A1 (u_mem_n_668), .B0
                    |
xmelab: *E,CUVMUR (./code/output/synthesis_net.v,1382|20): instance 'tb_risc_cpu.dut@risc_cpu<module>.g1015__4733' of design unit 'AOI22X1' is unresolved in 'worklib.risc_cpu:v'.
  AOI22X1 g1016__6161(.A0 (\u_mem_mem[11] [5]), .A1 (u_mem_n_688), .B0
                    |
xmelab: *E,CUVMUR (./code/output/synthesis_net.v,1384|20): instance 'tb_risc_cpu.dut@risc_cpu<module>.g1016__6161' of design unit 'AOI22X1' is unresolved in 'worklib.risc_cpu:v'.
  NOR2BX1 g3567__3682(.AN (addr[2]), .B (addr[4]), .Y (n_456));
                    |
xmelab: *E,CUVMUR (./code/output/synthesis_net.v,1386|20): instance 'tb_risc_cpu.dut@risc_cpu<module>.g3567__3682' of design unit 'NOR2BX1' is unresolved in 'worklib.risc_cpu:v'.
  NOR2X1 g3568__3683(.A (addr[4]), .B (addr[2]), .Y (n_457));
                   |
xmelab: *E,CUVMUR (./code/output/synthesis_net.v,1387|19): instance 'tb_risc_cpu.dut@risc_cpu<module>.g3568__3683' of design unit 'NOR2X1' is unresolved in 'worklib.risc_cpu:v'.
  NAND2X1 g3564__3684(.A (addr[4]), .B (addr[2]), .Y (n_458));
                    |
xmelab: *E,CUVMUR (./code/output/synthesis_net.v,1388|20): instance 'tb_risc_cpu.dut@risc_cpu<module>.g3564__3684' of design unit 'NAND2X1' is unresolved in 'worklib.risc_cpu:v'.
  NOR2BX1 g3566__3685(.AN (addr[4]), .B (addr[2]), .Y (n_459));
                    |
xmelab: *E,CUVMUR (./code/output/synthesis_net.v,1389|20): instance 'tb_risc_cpu.dut@risc_cpu<module>.g3566__3685' of design unit 'NOR2BX1' is unresolved in 'worklib.risc_cpu:v'.
xrun: *E,ELBERR: Error (*E) or soft error (*SE) occurred during elaboration (status 1), exiting.
TOOL:	xrun(64)	24.03-s011: Exiting on May 06, 2026 at 17:09:34 +07  (total: 00:00:01)
